testname,category,urlpath,mode,header_name,vulnerable
BenchmarkTest00001,pathtraver-00,/pathtraver-00/BenchmarkTest00001,cookie,,true
BenchmarkTest00002,pathtraver-00,/pathtraver-00/BenchmarkTest00002,cookie,,true
BenchmarkTest00003,hash-00,/hash-00/BenchmarkTest00003,cookie,,true
BenchmarkTest00004,trustbound-00,/trustbound-00/BenchmarkTest00004,cookie,,true
BenchmarkTest00005,crypto-00,/crypto-00/BenchmarkTest00005,header_self,,true
BenchmarkTest00006,cmdi-00,/cmdi-00/BenchmarkTest00006,header_self,,true
BenchmarkTest00007,cmdi-00,/cmdi-00/BenchmarkTest00007,header_self,,true
BenchmarkTest00008,sqli-00,/sqli-00/BenchmarkTest00008,header_self,,true
BenchmarkTest00009,hash-00,/hash-00/BenchmarkTest00009,header_any,,false
BenchmarkTest00010,weakrand-00,/weakrand-00/BenchmarkTest00010,cookie,,false
BenchmarkTest00011,pathtraver-00,/pathtraver-00/BenchmarkTest00011,header_self,,true
BenchmarkTest00012,ldapi-00,/ldapi-00/BenchmarkTest00012,header_self,,true
BenchmarkTest00013,xss-00,/xss-00/BenchmarkTest00013,header_other,Referer,true
BenchmarkTest00014,xss-00,/xss-00/BenchmarkTest00014,header_other,Referer,true
BenchmarkTest00015,cmdi-00,/cmdi-00/BenchmarkTest00015,header_self,,true
BenchmarkTest00016,securecookie-00,/securecookie-00/BenchmarkTest00016,header_self,,false
BenchmarkTest00017,cmdi-00,/cmdi-00/BenchmarkTest00017,header_self,,true
BenchmarkTest00018,sqli-00,/sqli-00/BenchmarkTest00018,header_self,,true
BenchmarkTest00019,crypto-00,/crypto-00/BenchmarkTest00019,out_of_scope_stream,,true
BenchmarkTest00020,crypto-00,/crypto-00/BenchmarkTest00020,param,,true
BenchmarkTest00021,ldapi-00,/ldapi-00/BenchmarkTest00021,param,,true
BenchmarkTest00022,hash-00,/hash-00/BenchmarkTest00022,param,,false
BenchmarkTest00023,weakrand-00,/weakrand-00/BenchmarkTest00023,cookie,,true
BenchmarkTest00024,sqli-00,/sqli-00/BenchmarkTest00024,param,,true
BenchmarkTest00025,sqli-00,/sqli-00/BenchmarkTest00025,param,,true
BenchmarkTest00026,sqli-00,/sqli-00/BenchmarkTest00026,param,,true
BenchmarkTest00027,sqli-00,/sqli-00/BenchmarkTest00027,param,,true
BenchmarkTest00028,pathtraver-00,/pathtraver-00/BenchmarkTest00028,param,,true
BenchmarkTest00029,hash-00,/hash-00/BenchmarkTest00029,param,,true
BenchmarkTest00030,xss-00,/xss-00/BenchmarkTest00030,param,,true
BenchmarkTest00031,trustbound-00,/trustbound-00/BenchmarkTest00031,param,,true
BenchmarkTest00032,sqli-00,/sqli-00/BenchmarkTest00032,param,,true
BenchmarkTest00033,sqli-00,/sqli-00/BenchmarkTest00033,param,,true
BenchmarkTest00034,sqli-00,/sqli-00/BenchmarkTest00034,param,,true
BenchmarkTest00035,crypto-00,/crypto-00/BenchmarkTest00035,param_name,,true
BenchmarkTest00036,xss-00,/xss-00/BenchmarkTest00036,param_name,,true
BenchmarkTest00037,sqli-00,/sqli-00/BenchmarkTest00037,param_name,,true
BenchmarkTest00038,sqli-00,/sqli-00/BenchmarkTest00038,param_name,,true
BenchmarkTest00039,sqli-00,/sqli-00/BenchmarkTest00039,param_name,,true
BenchmarkTest00040,pathtraver-00,/pathtraver-00/BenchmarkTest00040,param,,true
BenchmarkTest00041,xss-00,/xss-00/BenchmarkTest00041,param,,true
BenchmarkTest00042,weakrand-00,/weakrand-00/BenchmarkTest00042,cookie,,false
BenchmarkTest00043,sqli-00,/sqli-00/BenchmarkTest00043,param,,true
BenchmarkTest00044,ldapi-00,/ldapi-00/BenchmarkTest00044,param,,true
BenchmarkTest00045,pathtraver-00,/pathtraver-00/BenchmarkTest00045,param,,true
BenchmarkTest00046,hash-00,/hash-00/BenchmarkTest00046,param,,true
BenchmarkTest00047,xss-00,/xss-00/BenchmarkTest00047,param,,true
BenchmarkTest00048,xss-00,/xss-00/BenchmarkTest00048,param,,true
BenchmarkTest00049,xss-00,/xss-00/BenchmarkTest00049,param,,true
BenchmarkTest00050,crypto-00,/crypto-00/BenchmarkTest00050,param,,true
BenchmarkTest00051,cmdi-00,/cmdi-00/BenchmarkTest00051,param,,false
BenchmarkTest00052,sqli-00,/sqli-00/BenchmarkTest00052,param,,false
BenchmarkTest00053,crypto-00,/crypto-00/BenchmarkTest00053,cookie,,true
BenchmarkTest00054,crypto-00,/crypto-00/BenchmarkTest00054,cookie,,false
BenchmarkTest00055,crypto-00,/crypto-00/BenchmarkTest00055,cookie,,true
BenchmarkTest00056,crypto-00,/crypto-00/BenchmarkTest00056,cookie,,true
BenchmarkTest00057,crypto-00,/crypto-00/BenchmarkTest00057,cookie,,true
BenchmarkTest00058,crypto-00,/crypto-00/BenchmarkTest00058,cookie,,false
BenchmarkTest00059,crypto-00,/crypto-00/BenchmarkTest00059,cookie,,false
BenchmarkTest00060,pathtraver-00,/pathtraver-00/BenchmarkTest00060,cookie,,true
BenchmarkTest00061,pathtraver-00,/pathtraver-00/BenchmarkTest00061,cookie,,true
BenchmarkTest00062,pathtraver-00,/pathtraver-00/BenchmarkTest00062,cookie,,true
BenchmarkTest00063,pathtraver-00,/pathtraver-00/BenchmarkTest00063,cookie,,false
BenchmarkTest00064,pathtraver-00,/pathtraver-00/BenchmarkTest00064,cookie,,false
BenchmarkTest00065,pathtraver-00,/pathtraver-00/BenchmarkTest00065,cookie,,true
BenchmarkTest00066,weakrand-00,/weakrand-00/BenchmarkTest00066,cookie,,true
BenchmarkTest00067,weakrand-00,/weakrand-00/BenchmarkTest00067,cookie,,true
BenchmarkTest00068,weakrand-00,/weakrand-00/BenchmarkTest00068,cookie,,true
BenchmarkTest00069,hash-00,/hash-00/BenchmarkTest00069,cookie,,false
BenchmarkTest00070,hash-00,/hash-00/BenchmarkTest00070,cookie,,true
BenchmarkTest00071,hash-00,/hash-00/BenchmarkTest00071,cookie,,true
BenchmarkTest00072,hash-00,/hash-00/BenchmarkTest00072,cookie,,false
BenchmarkTest00073,hash-00,/hash-00/BenchmarkTest00073,cookie,,true
BenchmarkTest00074,hash-00,/hash-00/BenchmarkTest00074,cookie,,true
BenchmarkTest00075,hash-00,/hash-00/BenchmarkTest00075,cookie,,false
BenchmarkTest00076,hash-00,/hash-00/BenchmarkTest00076,cookie,,false
BenchmarkTest00077,cmdi-00,/cmdi-00/BenchmarkTest00077,cookie,,true
BenchmarkTest00078,weakrand-00,/weakrand-00/BenchmarkTest00078,cookie,,true
BenchmarkTest00079,weakrand-00,/weakrand-00/BenchmarkTest00079,cookie,,true
BenchmarkTest00080,weakrand-00,/weakrand-00/BenchmarkTest00080,cookie,,true
BenchmarkTest00081,weakrand-00,/weakrand-00/BenchmarkTest00081,cookie,,true
BenchmarkTest00082,weakrand-00,/weakrand-00/BenchmarkTest00082,cookie,,true
BenchmarkTest00083,weakrand-00,/weakrand-00/BenchmarkTest00083,cookie,,true
BenchmarkTest00084,weakrand-00,/weakrand-00/BenchmarkTest00084,cookie,,true
BenchmarkTest00085,weakrand-00,/weakrand-00/BenchmarkTest00085,cookie,,true
BenchmarkTest00086,weakrand-00,/weakrand-00/BenchmarkTest00086,cookie,,true
BenchmarkTest00087,securecookie-00,/securecookie-00/BenchmarkTest00087,cookie,,true
BenchmarkTest00088,securecookie-00,/securecookie-00/BenchmarkTest00088,cookie,,false
BenchmarkTest00089,securecookie-00,/securecookie-00/BenchmarkTest00089,cookie,,false
BenchmarkTest00090,cmdi-00,/cmdi-00/BenchmarkTest00090,cookie,,false
BenchmarkTest00091,cmdi-00,/cmdi-00/BenchmarkTest00091,cookie,,true
BenchmarkTest00092,cmdi-00,/cmdi-00/BenchmarkTest00092,cookie,,true
BenchmarkTest00093,cmdi-00,/cmdi-00/BenchmarkTest00093,cookie,,false
BenchmarkTest00094,weakrand-00,/weakrand-00/BenchmarkTest00094,cookie,,false
BenchmarkTest00095,weakrand-00,/weakrand-00/BenchmarkTest00095,cookie,,false
BenchmarkTest00096,weakrand-00,/weakrand-00/BenchmarkTest00096,cookie,,false
BenchmarkTest00097,trustbound-00,/trustbound-00/BenchmarkTest00097,cookie,,false
BenchmarkTest00098,trustbound-00,/trustbound-00/BenchmarkTest00098,cookie,,true
BenchmarkTest00099,trustbound-00,/trustbound-00/BenchmarkTest00099,cookie,,false
BenchmarkTest00100,sqli-00,/sqli-00/BenchmarkTest00100,cookie,,true
BenchmarkTest00101,sqli-00,/sqli-00/BenchmarkTest00101,cookie,,true
BenchmarkTest00102,sqli-00,/sqli-00/BenchmarkTest00102,cookie,,true
BenchmarkTest00103,sqli-00,/sqli-00/BenchmarkTest00103,cookie,,true
BenchmarkTest00104,sqli-00,/sqli-00/BenchmarkTest00104,cookie,,false
BenchmarkTest00105,sqli-00,/sqli-00/BenchmarkTest00105,cookie,,false
BenchmarkTest00106,sqli-00,/sqli-00/BenchmarkTest00106,cookie,,true
BenchmarkTest00107,sqli-00,/sqli-00/BenchmarkTest00107,cookie,,false
BenchmarkTest00108,sqli-00,/sqli-00/BenchmarkTest00108,cookie,,true
BenchmarkTest00109,sqli-00,/sqli-00/BenchmarkTest00109,cookie,,true
BenchmarkTest00110,sqli-00,/sqli-00/BenchmarkTest00110,cookie,,false
BenchmarkTest00111,sqli-00,/sqli-00/BenchmarkTest00111,cookie,,true
BenchmarkTest00112,sqli-00,/sqli-00/BenchmarkTest00112,cookie,,true
BenchmarkTest00113,sqli-00,/sqli-00/BenchmarkTest00113,cookie,,false
BenchmarkTest00114,sqli-00,/sqli-00/BenchmarkTest00114,cookie,,false
BenchmarkTest00115,sqli-00,/sqli-00/BenchmarkTest00115,cookie,,true
BenchmarkTest00116,xpathi-00,/xpathi-00/BenchmarkTest00116,cookie,,false
BenchmarkTest00117,xpathi-00,/xpathi-00/BenchmarkTest00117,cookie,,false
BenchmarkTest00118,xpathi-00,/xpathi-00/BenchmarkTest00118,cookie,,false
BenchmarkTest00119,crypto-00,/crypto-00/BenchmarkTest00119,header_self,,true
BenchmarkTest00120,crypto-00,/crypto-00/BenchmarkTest00120,header_self,,true
BenchmarkTest00121,crypto-00,/crypto-00/BenchmarkTest00121,header_self,,false
BenchmarkTest00122,crypto-00,/crypto-00/BenchmarkTest00122,header_self,,false
BenchmarkTest00123,crypto-00,/crypto-00/BenchmarkTest00123,header_self,,true
BenchmarkTest00124,crypto-00,/crypto-00/BenchmarkTest00124,header_self,,true
BenchmarkTest00125,crypto-00,/crypto-00/BenchmarkTest00125,header_self,,true
BenchmarkTest00126,crypto-00,/crypto-00/BenchmarkTest00126,header_self,,false
BenchmarkTest00127,crypto-00,/crypto-00/BenchmarkTest00127,header_self,,false
BenchmarkTest00128,crypto-00,/crypto-00/BenchmarkTest00128,header_self,,false
BenchmarkTest00129,crypto-00,/crypto-00/BenchmarkTest00129,header_self,,false
BenchmarkTest00130,crypto-00,/crypto-00/BenchmarkTest00130,header_self,,false
BenchmarkTest00131,pathtraver-00,/pathtraver-00/BenchmarkTest00131,header_self,,false
BenchmarkTest00132,pathtraver-00,/pathtraver-00/BenchmarkTest00132,header_self,,false
BenchmarkTest00133,pathtraver-00,/pathtraver-00/BenchmarkTest00133,header_self,,true
BenchmarkTest00134,pathtraver-00,/pathtraver-00/BenchmarkTest00134,header_self,,false
BenchmarkTest00135,pathtraver-00,/pathtraver-00/BenchmarkTest00135,header_self,,false
BenchmarkTest00136,pathtraver-00,/pathtraver-00/BenchmarkTest00136,header_self,,false
BenchmarkTest00137,pathtraver-00,/pathtraver-00/BenchmarkTest00137,header_self,,false
BenchmarkTest00138,ldapi-00,/ldapi-00/BenchmarkTest00138,header_self,,false
BenchmarkTest00139,ldapi-00,/ldapi-00/BenchmarkTest00139,header_self,,false
BenchmarkTest00140,weakrand-00,/weakrand-00/BenchmarkTest00140,cookie,,true
BenchmarkTest00141,hash-00,/hash-00/BenchmarkTest00141,header_self,,true
BenchmarkTest00142,hash-00,/hash-00/BenchmarkTest00142,header_self,,false
BenchmarkTest00143,hash-00,/hash-00/BenchmarkTest00143,header_self,,true
BenchmarkTest00144,xss-00,/xss-00/BenchmarkTest00144,header_other,Referer,true
BenchmarkTest00145,xss-00,/xss-00/BenchmarkTest00145,header_other,Referer,true
BenchmarkTest00146,xss-00,/xss-00/BenchmarkTest00146,header_other,Referer,true
BenchmarkTest00147,xss-00,/xss-00/BenchmarkTest00147,header_other,Referer,false
BenchmarkTest00148,xss-00,/xss-00/BenchmarkTest00148,header_other,Referer,true
BenchmarkTest00149,xss-00,/xss-00/BenchmarkTest00149,header_other,Referer,true
BenchmarkTest00150,xss-00,/xss-00/BenchmarkTest00150,header_other,Referer,true
BenchmarkTest00151,xss-00,/xss-00/BenchmarkTest00151,header_other,Referer,false
BenchmarkTest00152,xss-00,/xss-00/BenchmarkTest00152,header_other,Referer,true
BenchmarkTest00153,xss-00,/xss-00/BenchmarkTest00153,header_other,Referer,true
BenchmarkTest00154,xss-00,/xss-00/BenchmarkTest00154,header_other,Referer,true
BenchmarkTest00155,xss-00,/xss-00/BenchmarkTest00155,header_other,Referer,true
BenchmarkTest00156,xss-00,/xss-00/BenchmarkTest00156,header_other,Referer,true
BenchmarkTest00157,xss-00,/xss-00/BenchmarkTest00157,header_other,Referer,true
BenchmarkTest00158,cmdi-00,/cmdi-00/BenchmarkTest00158,header_self,,false
BenchmarkTest00159,cmdi-00,/cmdi-00/BenchmarkTest00159,header_self,,true
BenchmarkTest00160,weakrand-00,/weakrand-00/BenchmarkTest00160,cookie,,true
BenchmarkTest00161,weakrand-00,/weakrand-00/BenchmarkTest00161,cookie,,true
BenchmarkTest00162,weakrand-00,/weakrand-00/BenchmarkTest00162,cookie,,true
BenchmarkTest00163,weakrand-00,/weakrand-00/BenchmarkTest00163,cookie,,true
BenchmarkTest00164,weakrand-00,/weakrand-00/BenchmarkTest00164,cookie,,true
BenchmarkTest00165,weakrand-00,/weakrand-00/BenchmarkTest00165,cookie,,true
BenchmarkTest00166,weakrand-00,/weakrand-00/BenchmarkTest00166,cookie,,true
BenchmarkTest00167,weakrand-00,/weakrand-00/BenchmarkTest00167,cookie,,true
BenchmarkTest00168,weakrand-00,/weakrand-00/BenchmarkTest00168,cookie,,true
BenchmarkTest00169,securecookie-00,/securecookie-00/BenchmarkTest00169,header_self,,true
BenchmarkTest00170,securecookie-00,/securecookie-00/BenchmarkTest00170,header_self,,true
BenchmarkTest00171,cmdi-00,/cmdi-00/BenchmarkTest00171,header_self,,false
BenchmarkTest00172,cmdi-00,/cmdi-00/BenchmarkTest00172,header_self,,true
BenchmarkTest00173,cmdi-00,/cmdi-00/BenchmarkTest00173,header_self,,true
BenchmarkTest00174,cmdi-00,/cmdi-00/BenchmarkTest00174,header_self,,true
BenchmarkTest00175,cmdi-00,/cmdi-00/BenchmarkTest00175,header_self,,false
BenchmarkTest00176,cmdi-00,/cmdi-00/BenchmarkTest00176,header_self,,true
BenchmarkTest00177,cmdi-00,/cmdi-00/BenchmarkTest00177,header_self,,false
BenchmarkTest00178,weakrand-00,/weakrand-00/BenchmarkTest00178,cookie,,false
BenchmarkTest00179,weakrand-00,/weakrand-00/BenchmarkTest00179,cookie,,false
BenchmarkTest00180,weakrand-00,/weakrand-00/BenchmarkTest00180,cookie,,false
BenchmarkTest00181,weakrand-00,/weakrand-00/BenchmarkTest00181,cookie,,false
BenchmarkTest00182,weakrand-00,/weakrand-00/BenchmarkTest00182,cookie,,false
BenchmarkTest00183,weakrand-00,/weakrand-00/BenchmarkTest00183,cookie,,false
BenchmarkTest00184,weakrand-00,/weakrand-00/BenchmarkTest00184,cookie,,false
BenchmarkTest00185,weakrand-00,/weakrand-00/BenchmarkTest00185,cookie,,false
BenchmarkTest00186,weakrand-00,/weakrand-00/BenchmarkTest00186,cookie,,false
BenchmarkTest00187,weakrand-00,/weakrand-00/BenchmarkTest00187,cookie,,false
BenchmarkTest00188,weakrand-00,/weakrand-00/BenchmarkTest00188,cookie,,false
BenchmarkTest00189,trustbound-00,/trustbound-00/BenchmarkTest00189,header_self,,false
BenchmarkTest00190,sqli-00,/sqli-00/BenchmarkTest00190,header_self,,false
BenchmarkTest00191,sqli-00,/sqli-00/BenchmarkTest00191,header_self,,false
BenchmarkTest00192,sqli-00,/sqli-00/BenchmarkTest00192,header_self,,true
BenchmarkTest00193,sqli-00,/sqli-00/BenchmarkTest00193,header_self,,true
BenchmarkTest00194,sqli-00,/sqli-00/BenchmarkTest00194,header_self,,true
BenchmarkTest00195,sqli-00,/sqli-00/BenchmarkTest00195,header_self,,true
BenchmarkTest00196,sqli-00,/sqli-00/BenchmarkTest00196,header_self,,true
BenchmarkTest00197,sqli-00,/sqli-00/BenchmarkTest00197,header_self,,false
BenchmarkTest00198,sqli-00,/sqli-00/BenchmarkTest00198,header_self,,true
BenchmarkTest00199,sqli-00,/sqli-00/BenchmarkTest00199,header_self,,true
BenchmarkTest00200,sqli-00,/sqli-00/BenchmarkTest00200,header_self,,false
BenchmarkTest00201,sqli-00,/sqli-00/BenchmarkTest00201,header_self,,false
BenchmarkTest00202,sqli-00,/sqli-00/BenchmarkTest00202,header_self,,false
BenchmarkTest00203,sqli-00,/sqli-00/BenchmarkTest00203,header_self,,true
BenchmarkTest00204,sqli-00,/sqli-00/BenchmarkTest00204,header_self,,true
BenchmarkTest00205,sqli-00,/sqli-00/BenchmarkTest00205,header_self,,false
BenchmarkTest00206,sqli-00,/sqli-00/BenchmarkTest00206,header_self,,false
BenchmarkTest00207,xpathi-00,/xpathi-00/BenchmarkTest00207,header_self,,true
BenchmarkTest00208,crypto-00,/crypto-00/BenchmarkTest00208,header_any,,true
BenchmarkTest00209,crypto-00,/crypto-00/BenchmarkTest00209,header_any,,false
BenchmarkTest00210,crypto-00,/crypto-00/BenchmarkTest00210,header_any,,true
BenchmarkTest00211,crypto-00,/crypto-00/BenchmarkTest00211,header_any,,false
BenchmarkTest00212,crypto-00,/crypto-00/BenchmarkTest00212,header_any,,false
BenchmarkTest00213,crypto-00,/crypto-00/BenchmarkTest00213,header_any,,false
BenchmarkTest00214,crypto-00,/crypto-00/BenchmarkTest00214,header_any,,false
BenchmarkTest00215,pathtraver-00,/pathtraver-00/BenchmarkTest00215,header_any,,true
BenchmarkTest00216,pathtraver-00,/pathtraver-00/BenchmarkTest00216,header_any,,true
BenchmarkTest00217,pathtraver-00,/pathtraver-00/BenchmarkTest00217,header_any,,false
BenchmarkTest00218,pathtraver-00,/pathtraver-00/BenchmarkTest00218,header_any,,true
BenchmarkTest00219,pathtraver-00,/pathtraver-00/BenchmarkTest00219,header_any,,true
BenchmarkTest00220,pathtraver-00,/pathtraver-00/BenchmarkTest00220,header_any,,false
BenchmarkTest00221,pathtraver-00,/pathtraver-00/BenchmarkTest00221,header_any,,false
BenchmarkTest00222,pathtraver-00,/pathtraver-00/BenchmarkTest00222,header_any,,true
BenchmarkTest00223,hash-00,/hash-00/BenchmarkTest00223,header_any,,true
BenchmarkTest00224,hash-00,/hash-00/BenchmarkTest00224,header_any,,false
BenchmarkTest00225,hash-00,/hash-00/BenchmarkTest00225,header_any,,false
BenchmarkTest00226,hash-00,/hash-00/BenchmarkTest00226,header_any,,true
BenchmarkTest00227,hash-00,/hash-00/BenchmarkTest00227,header_any,,true
BenchmarkTest00228,hash-00,/hash-00/BenchmarkTest00228,header_any,,false
BenchmarkTest00229,hash-00,/hash-00/BenchmarkTest00229,header_any,,false
BenchmarkTest00230,weakrand-00,/weakrand-00/BenchmarkTest00230,cookie,,true
BenchmarkTest00231,weakrand-00,/weakrand-00/BenchmarkTest00231,cookie,,true
BenchmarkTest00232,weakrand-00,/weakrand-00/BenchmarkTest00232,cookie,,true
BenchmarkTest00233,weakrand-00,/weakrand-00/BenchmarkTest00233,cookie,,true
BenchmarkTest00234,weakrand-00,/weakrand-00/BenchmarkTest00234,cookie,,true
BenchmarkTest00235,weakrand-00,/weakrand-00/BenchmarkTest00235,cookie,,true
BenchmarkTest00236,weakrand-00,/weakrand-00/BenchmarkTest00236,cookie,,true
BenchmarkTest00237,weakrand-00,/weakrand-00/BenchmarkTest00237,cookie,,true
BenchmarkTest00238,weakrand-00,/weakrand-00/BenchmarkTest00238,cookie,,true
BenchmarkTest00239,weakrand-00,/weakrand-00/BenchmarkTest00239,cookie,,true
BenchmarkTest00240,weakrand-00,/weakrand-00/BenchmarkTest00240,cookie,,true
BenchmarkTest00241,securecookie-00,/securecookie-00/BenchmarkTest00241,header_any,,true
BenchmarkTest00242,securecookie-00,/securecookie-00/BenchmarkTest00242,header_any,,false
BenchmarkTest00243,weakrand-00,/weakrand-00/BenchmarkTest00243,cookie,,false
BenchmarkTest00244,weakrand-00,/weakrand-00/BenchmarkTest00244,cookie,,false
BenchmarkTest00245,weakrand-00,/weakrand-00/BenchmarkTest00245,cookie,,false
BenchmarkTest00246,weakrand-00,/weakrand-00/BenchmarkTest00246,cookie,,false
BenchmarkTest00247,weakrand-00,/weakrand-00/BenchmarkTest00247,cookie,,false
BenchmarkTest00248,weakrand-00,/weakrand-00/BenchmarkTest00248,cookie,,false
BenchmarkTest00249,weakrand-00,/weakrand-00/BenchmarkTest00249,cookie,,false
BenchmarkTest00250,trustbound-00,/trustbound-00/BenchmarkTest00250,header_any,,false
BenchmarkTest00251,trustbound-00,/trustbound-00/BenchmarkTest00251,header_any,,true
BenchmarkTest00252,trustbound-00,/trustbound-00/BenchmarkTest00252,header_any,,false
BenchmarkTest00253,trustbound-00,/trustbound-00/BenchmarkTest00253,header_any,,false
BenchmarkTest00254,crypto-00,/crypto-00/BenchmarkTest00254,header_self,,true
BenchmarkTest00255,crypto-00,/crypto-00/BenchmarkTest00255,header_self,,false
BenchmarkTest00256,crypto-00,/crypto-00/BenchmarkTest00256,header_self,,true
BenchmarkTest00257,crypto-00,/crypto-00/BenchmarkTest00257,header_self,,true
BenchmarkTest00258,crypto-00,/crypto-00/BenchmarkTest00258,header_self,,true
BenchmarkTest00259,crypto-00,/crypto-00/BenchmarkTest00259,header_self,,false
BenchmarkTest00260,crypto-00,/crypto-00/BenchmarkTest00260,header_self,,false
BenchmarkTest00261,pathtraver-00,/pathtraver-00/BenchmarkTest00261,header_self,,false
BenchmarkTest00262,pathtraver-00,/pathtraver-00/BenchmarkTest00262,header_self,,true
BenchmarkTest00263,pathtraver-00,/pathtraver-00/BenchmarkTest00263,header_self,,false
BenchmarkTest00264,pathtraver-00,/pathtraver-00/BenchmarkTest00264,header_self,,true
BenchmarkTest00265,pathtraver-00,/pathtraver-00/BenchmarkTest00265,header_self,,false
BenchmarkTest00266,hash-00,/hash-00/BenchmarkTest00266,header_self,,true
BenchmarkTest00267,hash-00,/hash-00/BenchmarkTest00267,header_self,,true
BenchmarkTest00268,hash-00,/hash-00/BenchmarkTest00268,header_self,,true
BenchmarkTest00269,hash-00,/hash-00/BenchmarkTest00269,header_self,,true
BenchmarkTest00270,hash-00,/hash-00/BenchmarkTest00270,header_self,,false
BenchmarkTest00271,hash-00,/hash-00/BenchmarkTest00271,header_self,,false
BenchmarkTest00272,hash-00,/hash-00/BenchmarkTest00272,header_self,,true
BenchmarkTest00273,hash-00,/hash-00/BenchmarkTest00273,header_self,,true
BenchmarkTest00274,hash-00,/hash-00/BenchmarkTest00274,header_self,,true
BenchmarkTest00275,xss-00,/xss-00/BenchmarkTest00275,header_other,Referer,false
BenchmarkTest00276,xss-00,/xss-00/BenchmarkTest00276,header_other,Referer,true
BenchmarkTest00277,xss-00,/xss-00/BenchmarkTest00277,header_other,Referer,false
BenchmarkTest00278,xss-00,/xss-00/BenchmarkTest00278,header_other,Referer,false
BenchmarkTest00279,xss-00,/xss-00/BenchmarkTest00279,header_other,Referer,true
BenchmarkTest00280,xss-00,/xss-00/BenchmarkTest00280,header_other,Referer,true
BenchmarkTest00281,xss-00,/xss-00/BenchmarkTest00281,header_other,Referer,false
BenchmarkTest00282,xss-00,/xss-00/BenchmarkTest00282,header_other,Referer,false
BenchmarkTest00283,xss-00,/xss-00/BenchmarkTest00283,header_other,Referer,false
BenchmarkTest00284,xss-00,/xss-00/BenchmarkTest00284,header_other,Referer,true
BenchmarkTest00285,xss-00,/xss-00/BenchmarkTest00285,header_other,Referer,false
BenchmarkTest00286,xss-00,/xss-00/BenchmarkTest00286,header_other,Referer,false
BenchmarkTest00287,xss-00,/xss-00/BenchmarkTest00287,header_other,Referer,true
BenchmarkTest00288,xss-00,/xss-00/BenchmarkTest00288,header_other,Referer,false
BenchmarkTest00289,xss-00,/xss-00/BenchmarkTest00289,header_other,Referer,false
BenchmarkTest00290,xss-00,/xss-00/BenchmarkTest00290,header_other,Referer,true
BenchmarkTest00291,xss-00,/xss-00/BenchmarkTest00291,header_other,Referer,true
BenchmarkTest00292,xss-00,/xss-00/BenchmarkTest00292,header_other,Referer,true
BenchmarkTest00293,cmdi-00,/cmdi-00/BenchmarkTest00293,header_self,,true
BenchmarkTest00294,cmdi-00,/cmdi-00/BenchmarkTest00294,header_self,,true
BenchmarkTest00295,cmdi-00,/cmdi-00/BenchmarkTest00295,header_self,,true
BenchmarkTest00296,weakrand-00,/weakrand-00/BenchmarkTest00296,cookie,,true
BenchmarkTest00297,weakrand-00,/weakrand-00/BenchmarkTest00297,cookie,,true
BenchmarkTest00298,weakrand-00,/weakrand-00/BenchmarkTest00298,cookie,,true
BenchmarkTest00299,weakrand-00,/weakrand-00/BenchmarkTest00299,cookie,,true
BenchmarkTest00300,securecookie-00,/securecookie-00/BenchmarkTest00300,header_self,,true
BenchmarkTest00301,xss-00,/xss-00/BenchmarkTest00301,header_other,Referer,true
BenchmarkTest00302,cmdi-00,/cmdi-00/BenchmarkTest00302,header_self,,true
BenchmarkTest00303,cmdi-00,/cmdi-00/BenchmarkTest00303,header_self,,true
BenchmarkTest00304,cmdi-00,/cmdi-00/BenchmarkTest00304,header_self,,true
BenchmarkTest00305,cmdi-00,/cmdi-00/BenchmarkTest00305,header_self,,false
BenchmarkTest00306,cmdi-00,/cmdi-00/BenchmarkTest00306,header_self,,true
BenchmarkTest00307,cmdi-00,/cmdi-00/BenchmarkTest00307,header_self,,false
BenchmarkTest00308,cmdi-00,/cmdi-00/BenchmarkTest00308,header_self,,false
BenchmarkTest00309,cmdi-00,/cmdi-00/BenchmarkTest00309,header_self,,false
BenchmarkTest00310,cmdi-00,/cmdi-00/BenchmarkTest00310,header_self,,false
BenchmarkTest00311,cmdi-00,/cmdi-00/BenchmarkTest00311,header_self,,true
BenchmarkTest00312,weakrand-00,/weakrand-00/BenchmarkTest00312,cookie,,false
BenchmarkTest00313,weakrand-00,/weakrand-00/BenchmarkTest00313,cookie,,false
BenchmarkTest00314,weakrand-00,/weakrand-00/BenchmarkTest00314,cookie,,false
BenchmarkTest00315,weakrand-00,/weakrand-00/BenchmarkTest00315,cookie,,false
BenchmarkTest00316,weakrand-00,/weakrand-00/BenchmarkTest00316,cookie,,false
BenchmarkTest00317,weakrand-00,/weakrand-00/BenchmarkTest00317,cookie,,false
BenchmarkTest00318,weakrand-00,/weakrand-00/BenchmarkTest00318,cookie,,false
BenchmarkTest00319,weakrand-00,/weakrand-00/BenchmarkTest00319,cookie,,false
BenchmarkTest00320,weakrand-00,/weakrand-00/BenchmarkTest00320,cookie,,false
BenchmarkTest00321,trustbound-00,/trustbound-00/BenchmarkTest00321,header_self,,true
BenchmarkTest00322,trustbound-00,/trustbound-00/BenchmarkTest00322,header_self,,false
BenchmarkTest00323,trustbound-00,/trustbound-00/BenchmarkTest00323,header_self,,false
BenchmarkTest00324,trustbound-00,/trustbound-00/BenchmarkTest00324,header_self,,true
BenchmarkTest00325,trustbound-00,/trustbound-00/BenchmarkTest00325,header_self,,true
BenchmarkTest00326,trustbound-00,/trustbound-00/BenchmarkTest00326,header_self,,true
BenchmarkTest00327,trustbound-00,/trustbound-00/BenchmarkTest00327,header_self,,true
BenchmarkTest00328,sqli-00,/sqli-00/BenchmarkTest00328,header_self,,true
BenchmarkTest00329,sqli-00,/sqli-00/BenchmarkTest00329,header_self,,false
BenchmarkTest00330,sqli-00,/sqli-00/BenchmarkTest00330,header_self,,false
BenchmarkTest00331,sqli-00,/sqli-00/BenchmarkTest00331,header_self,,false
BenchmarkTest00332,sqli-00,/sqli-00/BenchmarkTest00332,header_self,,false
BenchmarkTest00333,sqli-00,/sqli-00/BenchmarkTest00333,header_self,,false
BenchmarkTest00334,sqli-00,/sqli-00/BenchmarkTest00334,header_self,,false
BenchmarkTest00335,sqli-00,/sqli-00/BenchmarkTest00335,header_self,,true
BenchmarkTest00336,sqli-00,/sqli-00/BenchmarkTest00336,header_self,,false
BenchmarkTest00337,sqli-00,/sqli-00/BenchmarkTest00337,header_self,,true
BenchmarkTest00338,sqli-00,/sqli-00/BenchmarkTest00338,header_self,,false
BenchmarkTest00339,sqli-00,/sqli-00/BenchmarkTest00339,header_self,,true
BenchmarkTest00340,sqli-00,/sqli-00/BenchmarkTest00340,header_self,,false
BenchmarkTest00341,sqli-00,/sqli-00/BenchmarkTest00341,header_self,,true
BenchmarkTest00342,sqli-00,/sqli-00/BenchmarkTest00342,header_self,,true
BenchmarkTest00343,sqli-00,/sqli-00/BenchmarkTest00343,header_self,,false
BenchmarkTest00344,sqli-00,/sqli-00/BenchmarkTest00344,header_self,,false
BenchmarkTest00345,crypto-00,/crypto-00/BenchmarkTest00345,out_of_scope_stream,,false
BenchmarkTest00346,hash-00,/hash-00/BenchmarkTest00346,out_of_scope_stream,,true
BenchmarkTest00347,weakrand-00,/weakrand-00/BenchmarkTest00347,cookie,,true
BenchmarkTest00348,securecookie-00,/securecookie-00/BenchmarkTest00348,out_of_scope_uri,,true
BenchmarkTest00349,weakrand-00,/weakrand-00/BenchmarkTest00349,cookie,,false
BenchmarkTest00350,crypto-00,/crypto-00/BenchmarkTest00350,param,,false
BenchmarkTest00351,crypto-00,/crypto-00/BenchmarkTest00351,param,,false
BenchmarkTest00352,crypto-00,/crypto-00/BenchmarkTest00352,param,,false
BenchmarkTest00353,crypto-00,/crypto-00/BenchmarkTest00353,param,,false
BenchmarkTest00354,crypto-00,/crypto-00/BenchmarkTest00354,param,,true
BenchmarkTest00355,crypto-00,/crypto-00/BenchmarkTest00355,param,,true
BenchmarkTest00356,crypto-00,/crypto-00/BenchmarkTest00356,param,,true
BenchmarkTest00357,crypto-00,/crypto-00/BenchmarkTest00357,param,,false
BenchmarkTest00358,crypto-00,/crypto-00/BenchmarkTest00358,param,,false
BenchmarkTest00359,pathtraver-00,/pathtraver-00/BenchmarkTest00359,param,,true
BenchmarkTest00360,pathtraver-00,/pathtraver-00/BenchmarkTest00360,param,,true
BenchmarkTest00361,pathtraver-00,/pathtraver-00/BenchmarkTest00361,param,,false
BenchmarkTest00362,pathtraver-00,/pathtraver-00/BenchmarkTest00362,param,,true
BenchmarkTest00363,pathtraver-00,/pathtraver-00/BenchmarkTest00363,param,,true
BenchmarkTest00364,pathtraver-00,/pathtraver-00/BenchmarkTest00364,param,,false
BenchmarkTest00365,pathtraver-00,/pathtraver-00/BenchmarkTest00365,param,,false
BenchmarkTest00366,pathtraver-00,/pathtraver-00/BenchmarkTest00366,param,,false
BenchmarkTest00367,ldapi-00,/ldapi-00/BenchmarkTest00367,param,,false
BenchmarkTest00368,weakrand-00,/weakrand-00/BenchmarkTest00368,cookie,,true
BenchmarkTest00369,weakrand-00,/weakrand-00/BenchmarkTest00369,cookie,,true
BenchmarkTest00370,hash-00,/hash-00/BenchmarkTest00370,param,,false
BenchmarkTest00371,hash-00,/hash-00/BenchmarkTest00371,param,,true
BenchmarkTest00372,hash-00,/hash-00/BenchmarkTest00372,param,,true
BenchmarkTest00373,hash-00,/hash-00/BenchmarkTest00373,param,,false
BenchmarkTest00374,hash-00,/hash-00/BenchmarkTest00374,param,,true
BenchmarkTest00375,xss-00,/xss-00/BenchmarkTest00375,param,,true
BenchmarkTest00376,xss-00,/xss-00/BenchmarkTest00376,param,,true
BenchmarkTest00377,xss-00,/xss-00/BenchmarkTest00377,param,,false
BenchmarkTest00378,xss-00,/xss-00/BenchmarkTest00378,param,,true
BenchmarkTest00379,xss-00,/xss-00/BenchmarkTest00379,param,,false
BenchmarkTest00380,xss-00,/xss-00/BenchmarkTest00380,param,,true
BenchmarkTest00381,xss-00,/xss-00/BenchmarkTest00381,param,,false
BenchmarkTest00382,xss-00,/xss-00/BenchmarkTest00382,param,,true
BenchmarkTest00383,xss-00,/xss-00/BenchmarkTest00383,param,,true
BenchmarkTest00384,xss-00,/xss-00/BenchmarkTest00384,param,,true
BenchmarkTest00385,xss-00,/xss-00/BenchmarkTest00385,param,,true
BenchmarkTest00386,xss-00,/xss-00/BenchmarkTest00386,param,,false
BenchmarkTest00387,xss-00,/xss-00/BenchmarkTest00387,param,,true
BenchmarkTest00388,xss-00,/xss-00/BenchmarkTest00388,param,,true
BenchmarkTest00389,xss-00,/xss-00/BenchmarkTest00389,param,,false
BenchmarkTest00390,xss-00,/xss-00/BenchmarkTest00390,param,,true
BenchmarkTest00391,xss-00,/xss-00/BenchmarkTest00391,param,,false
BenchmarkTest00392,xss-00,/xss-00/BenchmarkTest00392,param,,true
BenchmarkTest00393,xss-00,/xss-00/BenchmarkTest00393,param,,false
BenchmarkTest00394,xss-00,/xss-00/BenchmarkTest00394,param,,false
BenchmarkTest00395,xss-00,/xss-00/BenchmarkTest00395,param,,true
BenchmarkTest00396,cmdi-00,/cmdi-00/BenchmarkTest00396,param,,false
BenchmarkTest00397,weakrand-00,/weakrand-00/BenchmarkTest00397,cookie,,true
BenchmarkTest00398,weakrand-00,/weakrand-00/BenchmarkTest00398,cookie,,true
BenchmarkTest00399,weakrand-00,/weakrand-00/BenchmarkTest00399,cookie,,true
BenchmarkTest00400,weakrand-00,/weakrand-00/BenchmarkTest00400,cookie,,true
BenchmarkTest00401,weakrand-00,/weakrand-00/BenchmarkTest00401,cookie,,true
BenchmarkTest00402,weakrand-00,/weakrand-00/BenchmarkTest00402,cookie,,true
BenchmarkTest00403,securecookie-00,/securecookie-00/BenchmarkTest00403,param,,true
BenchmarkTest00404,securecookie-00,/securecookie-00/BenchmarkTest00404,param,,false
BenchmarkTest00405,securecookie-00,/securecookie-00/BenchmarkTest00405,param,,false
BenchmarkTest00406,cmdi-00,/cmdi-00/BenchmarkTest00406,param,,false
BenchmarkTest00407,cmdi-00,/cmdi-00/BenchmarkTest00407,param,,true
BenchmarkTest00408,cmdi-00,/cmdi-00/BenchmarkTest00408,param,,false
BenchmarkTest00409,cmdi-00,/cmdi-00/BenchmarkTest00409,param,,true
BenchmarkTest00410,cmdi-00,/cmdi-00/BenchmarkTest00410,param,,false
BenchmarkTest00411,cmdi-00,/cmdi-00/BenchmarkTest00411,param,,false
BenchmarkTest00412,cmdi-00,/cmdi-00/BenchmarkTest00412,param,,false
BenchmarkTest00413,weakrand-01,/weakrand-01/BenchmarkTest00413,cookie,,false
BenchmarkTest00414,weakrand-01,/weakrand-01/BenchmarkTest00414,cookie,,false
BenchmarkTest00415,weakrand-01,/weakrand-01/BenchmarkTest00415,cookie,,false
BenchmarkTest00416,weakrand-01,/weakrand-01/BenchmarkTest00416,cookie,,false
BenchmarkTest00417,weakrand-01,/weakrand-01/BenchmarkTest00417,cookie,,false
BenchmarkTest00418,weakrand-01,/weakrand-01/BenchmarkTest00418,cookie,,false
BenchmarkTest00419,weakrand-01,/weakrand-01/BenchmarkTest00419,cookie,,false
BenchmarkTest00420,weakrand-01,/weakrand-01/BenchmarkTest00420,cookie,,false
BenchmarkTest00421,weakrand-01,/weakrand-01/BenchmarkTest00421,cookie,,false
BenchmarkTest00422,weakrand-01,/weakrand-01/BenchmarkTest00422,cookie,,false
BenchmarkTest00423,weakrand-01,/weakrand-01/BenchmarkTest00423,cookie,,false
BenchmarkTest00424,trustbound-00,/trustbound-00/BenchmarkTest00424,param,,true
BenchmarkTest00425,trustbound-00,/trustbound-00/BenchmarkTest00425,param,,true
BenchmarkTest00426,trustbound-00,/trustbound-00/BenchmarkTest00426,param,,true
BenchmarkTest00427,trustbound-00,/trustbound-00/BenchmarkTest00427,param,,true
BenchmarkTest00428,sqli-00,/sqli-00/BenchmarkTest00428,param,,true
BenchmarkTest00429,sqli-00,/sqli-00/BenchmarkTest00429,param,,true
BenchmarkTest00430,sqli-00,/sqli-00/BenchmarkTest00430,param,,false
BenchmarkTest00431,sqli-00,/sqli-00/BenchmarkTest00431,param,,true
BenchmarkTest00432,sqli-00,/sqli-00/BenchmarkTest00432,param,,false
BenchmarkTest00433,sqli-00,/sqli-00/BenchmarkTest00433,param,,true
BenchmarkTest00434,sqli-00,/sqli-00/BenchmarkTest00434,param,,true
BenchmarkTest00435,sqli-00,/sqli-00/BenchmarkTest00435,param,,true
BenchmarkTest00436,sqli-00,/sqli-00/BenchmarkTest00436,param,,false
BenchmarkTest00437,sqli-00,/sqli-00/BenchmarkTest00437,param,,false
BenchmarkTest00438,sqli-00,/sqli-00/BenchmarkTest00438,param,,true
BenchmarkTest00439,sqli-00,/sqli-00/BenchmarkTest00439,param,,true
BenchmarkTest00440,sqli-00,/sqli-00/BenchmarkTest00440,param,,false
BenchmarkTest00441,sqli-00,/sqli-00/BenchmarkTest00441,param,,true
BenchmarkTest00442,xpathi-00,/xpathi-00/BenchmarkTest00442,param,,true
BenchmarkTest00443,crypto-00,/crypto-00/BenchmarkTest00443,param,,false
BenchmarkTest00444,crypto-00,/crypto-00/BenchmarkTest00444,param,,false
BenchmarkTest00445,crypto-00,/crypto-00/BenchmarkTest00445,param,,true
BenchmarkTest00446,crypto-00,/crypto-00/BenchmarkTest00446,param,,true
BenchmarkTest00447,crypto-00,/crypto-00/BenchmarkTest00447,param,,false
BenchmarkTest00448,crypto-00,/crypto-00/BenchmarkTest00448,param,,true
BenchmarkTest00449,crypto-00,/crypto-00/BenchmarkTest00449,param,,true
BenchmarkTest00450,crypto-00,/crypto-00/BenchmarkTest00450,param,,false
BenchmarkTest00451,crypto-00,/crypto-00/BenchmarkTest00451,param,,false
BenchmarkTest00452,pathtraver-00,/pathtraver-00/BenchmarkTest00452,param,,true
BenchmarkTest00453,pathtraver-00,/pathtraver-00/BenchmarkTest00453,param,,true
BenchmarkTest00454,pathtraver-00,/pathtraver-00/BenchmarkTest00454,param,,false
BenchmarkTest00455,pathtraver-00,/pathtraver-00/BenchmarkTest00455,param,,true
BenchmarkTest00456,pathtraver-00,/pathtraver-00/BenchmarkTest00456,param,,true
BenchmarkTest00457,pathtraver-00,/pathtraver-00/BenchmarkTest00457,param,,true
BenchmarkTest00458,pathtraver-00,/pathtraver-00/BenchmarkTest00458,param,,false
BenchmarkTest00459,pathtraver-00,/pathtraver-00/BenchmarkTest00459,param,,true
BenchmarkTest00460,pathtraver-00,/pathtraver-00/BenchmarkTest00460,param,,false
BenchmarkTest00461,weakrand-01,/weakrand-01/BenchmarkTest00461,cookie,,true
BenchmarkTest00462,hash-00,/hash-00/BenchmarkTest00462,param,,true
BenchmarkTest00463,hash-00,/hash-00/BenchmarkTest00463,param,,false
BenchmarkTest00464,hash-00,/hash-00/BenchmarkTest00464,param,,true
BenchmarkTest00465,hash-00,/hash-00/BenchmarkTest00465,param,,true
BenchmarkTest00466,hash-00,/hash-00/BenchmarkTest00466,param,,false
BenchmarkTest00467,xss-00,/xss-00/BenchmarkTest00467,param,,true
BenchmarkTest00468,xss-00,/xss-00/BenchmarkTest00468,param,,false
BenchmarkTest00469,xss-00,/xss-00/BenchmarkTest00469,param,,false
BenchmarkTest00470,xss-00,/xss-00/BenchmarkTest00470,param,,false
BenchmarkTest00471,xss-00,/xss-00/BenchmarkTest00471,param,,false
BenchmarkTest00472,xss-00,/xss-00/BenchmarkTest00472,param,,true
BenchmarkTest00473,xss-00,/xss-00/BenchmarkTest00473,param,,true
BenchmarkTest00474,xss-00,/xss-00/BenchmarkTest00474,param,,false
BenchmarkTest00475,xss-00,/xss-00/BenchmarkTest00475,param,,true
BenchmarkTest00476,xss-00,/xss-00/BenchmarkTest00476,param,,false
BenchmarkTest00477,xss-00,/xss-00/BenchmarkTest00477,param,,true
BenchmarkTest00478,xss-00,/xss-00/BenchmarkTest00478,param,,true
BenchmarkTest00479,xss-00,/xss-00/BenchmarkTest00479,param,,false
BenchmarkTest00480,cmdi-00,/cmdi-00/BenchmarkTest00480,param,,true
BenchmarkTest00481,cmdi-00,/cmdi-00/BenchmarkTest00481,param,,false
BenchmarkTest00482,weakrand-01,/weakrand-01/BenchmarkTest00482,cookie,,true
BenchmarkTest00483,weakrand-01,/weakrand-01/BenchmarkTest00483,cookie,,true
BenchmarkTest00484,weakrand-01,/weakrand-01/BenchmarkTest00484,cookie,,true
BenchmarkTest00485,weakrand-01,/weakrand-01/BenchmarkTest00485,cookie,,true
BenchmarkTest00486,weakrand-01,/weakrand-01/BenchmarkTest00486,cookie,,true
BenchmarkTest00487,weakrand-01,/weakrand-01/BenchmarkTest00487,cookie,,true
BenchmarkTest00488,weakrand-01,/weakrand-01/BenchmarkTest00488,cookie,,true
BenchmarkTest00489,weakrand-01,/weakrand-01/BenchmarkTest00489,cookie,,true
BenchmarkTest00490,weakrand-01,/weakrand-01/BenchmarkTest00490,cookie,,true
BenchmarkTest00491,securecookie-00,/securecookie-00/BenchmarkTest00491,param,,true
BenchmarkTest00492,xss-00,/xss-00/BenchmarkTest00492,param,,true
BenchmarkTest00493,xss-00,/xss-00/BenchmarkTest00493,param,,false
BenchmarkTest00494,cmdi-00,/cmdi-00/BenchmarkTest00494,param,,false
BenchmarkTest00495,cmdi-00,/cmdi-00/BenchmarkTest00495,param,,true
BenchmarkTest00496,cmdi-00,/cmdi-00/BenchmarkTest00496,param,,true
BenchmarkTest00497,cmdi-00,/cmdi-00/BenchmarkTest00497,param,,true
BenchmarkTest00498,cmdi-00,/cmdi-00/BenchmarkTest00498,param,,true
BenchmarkTest00499,cmdi-00,/cmdi-00/BenchmarkTest00499,param,,true
BenchmarkTest00500,cmdi-00,/cmdi-00/BenchmarkTest00500,param,,true
BenchmarkTest00501,weakrand-01,/weakrand-01/BenchmarkTest00501,cookie,,false
BenchmarkTest00502,weakrand-01,/weakrand-01/BenchmarkTest00502,cookie,,false
BenchmarkTest00503,weakrand-01,/weakrand-01/BenchmarkTest00503,cookie,,false
BenchmarkTest00504,weakrand-01,/weakrand-01/BenchmarkTest00504,cookie,,false
BenchmarkTest00505,weakrand-01,/weakrand-01/BenchmarkTest00505,cookie,,false
BenchmarkTest00506,weakrand-01,/weakrand-01/BenchmarkTest00506,cookie,,false
BenchmarkTest00507,weakrand-01,/weakrand-01/BenchmarkTest00507,cookie,,false
BenchmarkTest00508,trustbound-00,/trustbound-00/BenchmarkTest00508,param,,true
BenchmarkTest00509,sqli-00,/sqli-00/BenchmarkTest00509,param,,false
BenchmarkTest00510,sqli-00,/sqli-00/BenchmarkTest00510,param,,true
BenchmarkTest00511,sqli-01,/sqli-01/BenchmarkTest00511,param,,false
BenchmarkTest00512,sqli-01,/sqli-01/BenchmarkTest00512,param,,true
BenchmarkTest00513,sqli-01,/sqli-01/BenchmarkTest00513,param,,false
BenchmarkTest00514,sqli-01,/sqli-01/BenchmarkTest00514,param,,false
BenchmarkTest00515,sqli-01,/sqli-01/BenchmarkTest00515,param,,true
BenchmarkTest00516,sqli-01,/sqli-01/BenchmarkTest00516,param,,true
BenchmarkTest00517,sqli-01,/sqli-01/BenchmarkTest00517,param,,false
BenchmarkTest00518,sqli-01,/sqli-01/BenchmarkTest00518,param,,true
BenchmarkTest00519,sqli-01,/sqli-01/BenchmarkTest00519,param,,false
BenchmarkTest00520,xpathi-00,/xpathi-00/BenchmarkTest00520,param,,false
BenchmarkTest00521,crypto-00,/crypto-00/BenchmarkTest00521,param_name,,true
BenchmarkTest00522,crypto-00,/crypto-00/BenchmarkTest00522,param_name,,true
BenchmarkTest00523,crypto-00,/crypto-00/BenchmarkTest00523,param_name,,false
BenchmarkTest00524,crypto-00,/crypto-00/BenchmarkTest00524,param_name,,false
BenchmarkTest00525,pathtraver-00,/pathtraver-00/BenchmarkTest00525,param_name,,true
BenchmarkTest00526,pathtraver-00,/pathtraver-00/BenchmarkTest00526,param_name,,true
BenchmarkTest00527,pathtraver-00,/pathtraver-00/BenchmarkTest00527,param_name,,true
BenchmarkTest00528,pathtraver-00,/pathtraver-00/BenchmarkTest00528,param_name,,true
BenchmarkTest00529,pathtraver-00,/pathtraver-00/BenchmarkTest00529,param_name,,true
BenchmarkTest00530,ldapi-00,/ldapi-00/BenchmarkTest00530,param_name,,false
BenchmarkTest00531,hash-00,/hash-00/BenchmarkTest00531,param_name,,true
BenchmarkTest00532,hash-00,/hash-00/BenchmarkTest00532,param_name,,true
BenchmarkTest00533,hash-00,/hash-00/BenchmarkTest00533,param_name,,true
BenchmarkTest00534,hash-00,/hash-00/BenchmarkTest00534,param_name,,true
BenchmarkTest00535,hash-00,/hash-00/BenchmarkTest00535,param_name,,false
BenchmarkTest00536,hash-00,/hash-00/BenchmarkTest00536,param_name,,true
BenchmarkTest00537,hash-00,/hash-00/BenchmarkTest00537,param_name,,true
BenchmarkTest00538,hash-00,/hash-00/BenchmarkTest00538,param_name,,false
BenchmarkTest00539,hash-00,/hash-00/BenchmarkTest00539,param_name,,false
BenchmarkTest00540,hash-00,/hash-00/BenchmarkTest00540,param_name,,false
BenchmarkTest00541,xss-00,/xss-00/BenchmarkTest00541,param_name,,true
BenchmarkTest00542,xss-00,/xss-00/BenchmarkTest00542,param_name,,true
BenchmarkTest00543,xss-00,/xss-00/BenchmarkTest00543,param_name,,true
BenchmarkTest00544,xss-01,/xss-01/BenchmarkTest00544,param_name,,false
BenchmarkTest00545,xss-01,/xss-01/BenchmarkTest00545,param_name,,false
BenchmarkTest00546,xss-01,/xss-01/BenchmarkTest00546,param_name,,false
BenchmarkTest00547,xss-01,/xss-01/BenchmarkTest00547,param_name,,true
BenchmarkTest00548,xss-01,/xss-01/BenchmarkTest00548,param_name,,false
BenchmarkTest00549,xss-01,/xss-01/BenchmarkTest00549,param_name,,true
BenchmarkTest00550,xss-01,/xss-01/BenchmarkTest00550,param_name,,false
BenchmarkTest00551,xss-01,/xss-01/BenchmarkTest00551,param_name,,true
BenchmarkTest00552,xss-01,/xss-01/BenchmarkTest00552,param_name,,true
BenchmarkTest00553,xss-01,/xss-01/BenchmarkTest00553,param_name,,false
BenchmarkTest00554,xss-01,/xss-01/BenchmarkTest00554,param_name,,true
BenchmarkTest00555,xss-01,/xss-01/BenchmarkTest00555,param_name,,true
BenchmarkTest00556,xss-01,/xss-01/BenchmarkTest00556,param_name,,false
BenchmarkTest00557,xss-01,/xss-01/BenchmarkTest00557,param_name,,true
BenchmarkTest00558,cmdi-00,/cmdi-00/BenchmarkTest00558,param_name,,false
BenchmarkTest00559,cmdi-00,/cmdi-00/BenchmarkTest00559,param_name,,false
BenchmarkTest00560,weakrand-01,/weakrand-01/BenchmarkTest00560,cookie,,true
BenchmarkTest00561,weakrand-01,/weakrand-01/BenchmarkTest00561,cookie,,true
BenchmarkTest00562,weakrand-01,/weakrand-01/BenchmarkTest00562,cookie,,true
BenchmarkTest00563,weakrand-01,/weakrand-01/BenchmarkTest00563,cookie,,true
BenchmarkTest00564,weakrand-01,/weakrand-01/BenchmarkTest00564,cookie,,true
BenchmarkTest00565,securecookie-00,/securecookie-00/BenchmarkTest00565,param_name,,true
BenchmarkTest00566,securecookie-00,/securecookie-00/BenchmarkTest00566,param_name,,true
BenchmarkTest00567,cmdi-00,/cmdi-00/BenchmarkTest00567,param_name,,true
BenchmarkTest00568,cmdi-00,/cmdi-00/BenchmarkTest00568,param_name,,true
BenchmarkTest00569,cmdi-00,/cmdi-00/BenchmarkTest00569,param_name,,false
BenchmarkTest00570,cmdi-00,/cmdi-00/BenchmarkTest00570,param_name,,false
BenchmarkTest00571,cmdi-00,/cmdi-00/BenchmarkTest00571,param_name,,false
BenchmarkTest00572,cmdi-00,/cmdi-00/BenchmarkTest00572,param_name,,false
BenchmarkTest00573,cmdi-00,/cmdi-00/BenchmarkTest00573,param_name,,true
BenchmarkTest00574,cmdi-00,/cmdi-00/BenchmarkTest00574,param_name,,true
BenchmarkTest00575,cmdi-00,/cmdi-00/BenchmarkTest00575,param_name,,true
BenchmarkTest00576,cmdi-00,/cmdi-00/BenchmarkTest00576,param_name,,true
BenchmarkTest00577,weakrand-01,/weakrand-01/BenchmarkTest00577,cookie,,false
BenchmarkTest00578,weakrand-01,/weakrand-01/BenchmarkTest00578,cookie,,false
BenchmarkTest00579,weakrand-01,/weakrand-01/BenchmarkTest00579,cookie,,false
BenchmarkTest00580,weakrand-01,/weakrand-01/BenchmarkTest00580,cookie,,false
BenchmarkTest00581,weakrand-01,/weakrand-01/BenchmarkTest00581,cookie,,false
BenchmarkTest00582,weakrand-01,/weakrand-01/BenchmarkTest00582,cookie,,false
BenchmarkTest00583,weakrand-01,/weakrand-01/BenchmarkTest00583,cookie,,false
BenchmarkTest00584,weakrand-01,/weakrand-01/BenchmarkTest00584,cookie,,false
BenchmarkTest00585,weakrand-01,/weakrand-01/BenchmarkTest00585,cookie,,false
BenchmarkTest00586,trustbound-00,/trustbound-00/BenchmarkTest00586,param_name,,false
BenchmarkTest00587,trustbound-00,/trustbound-00/BenchmarkTest00587,param_name,,true
BenchmarkTest00588,trustbound-00,/trustbound-00/BenchmarkTest00588,param_name,,true
BenchmarkTest00589,sqli-01,/sqli-01/BenchmarkTest00589,param_name,,false
BenchmarkTest00590,sqli-01,/sqli-01/BenchmarkTest00590,param_name,,true
BenchmarkTest00591,sqli-01,/sqli-01/BenchmarkTest00591,param_name,,true
BenchmarkTest00592,sqli-01,/sqli-01/BenchmarkTest00592,param_name,,false
BenchmarkTest00593,sqli-01,/sqli-01/BenchmarkTest00593,param_name,,true
BenchmarkTest00594,sqli-01,/sqli-01/BenchmarkTest00594,param_name,,true
BenchmarkTest00595,sqli-01,/sqli-01/BenchmarkTest00595,param_name,,true
BenchmarkTest00596,sqli-01,/sqli-01/BenchmarkTest00596,param_name,,true
BenchmarkTest00597,sqli-01,/sqli-01/BenchmarkTest00597,param_name,,true
BenchmarkTest00598,sqli-01,/sqli-01/BenchmarkTest00598,param_name,,true
BenchmarkTest00599,sqli-01,/sqli-01/BenchmarkTest00599,param_name,,false
BenchmarkTest00600,sqli-01,/sqli-01/BenchmarkTest00600,param_name,,true
BenchmarkTest00601,sqli-01,/sqli-01/BenchmarkTest00601,param_name,,false
BenchmarkTest00602,sqli-01,/sqli-01/BenchmarkTest00602,param_name,,false
BenchmarkTest00603,sqli-01,/sqli-01/BenchmarkTest00603,param_name,,true
BenchmarkTest00604,sqli-01,/sqli-01/BenchmarkTest00604,param_name,,true
BenchmarkTest00605,sqli-01,/sqli-01/BenchmarkTest00605,param_name,,false
BenchmarkTest00606,sqli-01,/sqli-01/BenchmarkTest00606,param_name,,true
BenchmarkTest00607,xpathi-00,/xpathi-00/BenchmarkTest00607,param_name,,true
BenchmarkTest00608,crypto-00,/crypto-00/BenchmarkTest00608,param,,true
BenchmarkTest00609,crypto-00,/crypto-00/BenchmarkTest00609,param,,true
BenchmarkTest00610,crypto-00,/crypto-00/BenchmarkTest00610,param,,true
BenchmarkTest00611,crypto-00,/crypto-00/BenchmarkTest00611,param,,true
BenchmarkTest00612,crypto-00,/crypto-00/BenchmarkTest00612,param,,false
BenchmarkTest00613,crypto-00,/crypto-00/BenchmarkTest00613,param,,false
BenchmarkTest00614,crypto-00,/crypto-00/BenchmarkTest00614,param,,true
BenchmarkTest00615,crypto-00,/crypto-00/BenchmarkTest00615,param,,true
BenchmarkTest00616,crypto-00,/crypto-00/BenchmarkTest00616,param,,true
BenchmarkTest00617,crypto-00,/crypto-00/BenchmarkTest00617,param,,true
BenchmarkTest00618,crypto-00,/crypto-00/BenchmarkTest00618,param,,false
BenchmarkTest00619,pathtraver-00,/pathtraver-00/BenchmarkTest00619,param,,true
BenchmarkTest00620,pathtraver-00,/pathtraver-00/BenchmarkTest00620,param,,false
BenchmarkTest00621,pathtraver-00,/pathtraver-00/BenchmarkTest00621,param,,false
BenchmarkTest00622,pathtraver-00,/pathtraver-00/BenchmarkTest00622,param,,false
BenchmarkTest00623,pathtraver-00,/pathtraver-00/BenchmarkTest00623,param,,true
BenchmarkTest00624,pathtraver-00,/pathtraver-00/BenchmarkTest00624,param,,true
BenchmarkTest00625,pathtraver-00,/pathtraver-00/BenchmarkTest00625,param,,false
BenchmarkTest00626,pathtraver-00,/pathtraver-00/BenchmarkTest00626,param,,false
BenchmarkTest00627,pathtraver-00,/pathtraver-00/BenchmarkTest00627,param,,true
BenchmarkTest00628,pathtraver-00,/pathtraver-00/BenchmarkTest00628,param,,false
BenchmarkTest00629,pathtraver-00,/pathtraver-00/BenchmarkTest00629,param,,true
BenchmarkTest00630,ldapi-00,/ldapi-00/BenchmarkTest00630,param,,true
BenchmarkTest00631,hash-00,/hash-00/BenchmarkTest00631,param,,true
BenchmarkTest00632,hash-00,/hash-00/BenchmarkTest00632,param,,false
BenchmarkTest00633,hash-00,/hash-00/BenchmarkTest00633,param,,false
BenchmarkTest00634,hash-00,/hash-00/BenchmarkTest00634,param,,true
BenchmarkTest00635,hash-00,/hash-00/BenchmarkTest00635,param,,true
BenchmarkTest00636,hash-00,/hash-00/BenchmarkTest00636,param,,true
BenchmarkTest00637,hash-00,/hash-00/BenchmarkTest00637,param,,true
BenchmarkTest00638,hash-00,/hash-00/BenchmarkTest00638,param,,true
BenchmarkTest00639,hash-00,/hash-00/BenchmarkTest00639,param,,false
BenchmarkTest00640,hash-00,/hash-00/BenchmarkTest00640,param,,false
BenchmarkTest00641,hash-00,/hash-00/BenchmarkTest00641,param,,false
BenchmarkTest00642,xss-01,/xss-01/BenchmarkTest00642,param,,true
BenchmarkTest00643,xss-01,/xss-01/BenchmarkTest00643,param,,true
BenchmarkTest00644,xss-01,/xss-01/BenchmarkTest00644,param,,true
BenchmarkTest00645,xss-01,/xss-01/BenchmarkTest00645,param,,true
BenchmarkTest00646,xss-01,/xss-01/BenchmarkTest00646,param,,false
BenchmarkTest00647,xss-01,/xss-01/BenchmarkTest00647,param,,false
BenchmarkTest00648,xss-01,/xss-01/BenchmarkTest00648,param,,false
BenchmarkTest00649,xss-01,/xss-01/BenchmarkTest00649,param,,false
BenchmarkTest00650,xss-01,/xss-01/BenchmarkTest00650,param,,false
BenchmarkTest00651,xss-01,/xss-01/BenchmarkTest00651,param,,true
BenchmarkTest00652,weakrand-01,/weakrand-01/BenchmarkTest00652,cookie,,true
BenchmarkTest00653,weakrand-01,/weakrand-01/BenchmarkTest00653,cookie,,true
BenchmarkTest00654,weakrand-01,/weakrand-01/BenchmarkTest00654,cookie,,true
BenchmarkTest00655,securecookie-00,/securecookie-00/BenchmarkTest00655,param,,false
BenchmarkTest00656,xss-01,/xss-01/BenchmarkTest00656,param,,true
BenchmarkTest00657,cmdi-00,/cmdi-00/BenchmarkTest00657,param,,false
BenchmarkTest00658,cmdi-00,/cmdi-00/BenchmarkTest00658,param,,false
BenchmarkTest00659,cmdi-00,/cmdi-00/BenchmarkTest00659,param,,false
BenchmarkTest00660,weakrand-01,/weakrand-01/BenchmarkTest00660,cookie,,false
BenchmarkTest00661,weakrand-01,/weakrand-01/BenchmarkTest00661,cookie,,false
BenchmarkTest00662,weakrand-01,/weakrand-01/BenchmarkTest00662,cookie,,false
BenchmarkTest00663,weakrand-01,/weakrand-01/BenchmarkTest00663,cookie,,false
BenchmarkTest00664,weakrand-01,/weakrand-01/BenchmarkTest00664,cookie,,false
BenchmarkTest00665,weakrand-01,/weakrand-01/BenchmarkTest00665,cookie,,false
BenchmarkTest00666,weakrand-01,/weakrand-01/BenchmarkTest00666,cookie,,false
BenchmarkTest00667,weakrand-01,/weakrand-01/BenchmarkTest00667,cookie,,false
BenchmarkTest00668,trustbound-00,/trustbound-00/BenchmarkTest00668,param,,true
BenchmarkTest00669,trustbound-00,/trustbound-00/BenchmarkTest00669,param,,false
BenchmarkTest00670,trustbound-00,/trustbound-00/BenchmarkTest00670,param,,true
BenchmarkTest00671,trustbound-00,/trustbound-00/BenchmarkTest00671,param,,true
BenchmarkTest00672,sqli-01,/sqli-01/BenchmarkTest00672,param,,false
BenchmarkTest00673,sqli-01,/sqli-01/BenchmarkTest00673,param,,true
BenchmarkTest00674,sqli-01,/sqli-01/BenchmarkTest00674,param,,false
BenchmarkTest00675,sqli-01,/sqli-01/BenchmarkTest00675,param,,false
BenchmarkTest00676,sqli-01,/sqli-01/BenchmarkTest00676,param,,false
BenchmarkTest00677,sqli-01,/sqli-01/BenchmarkTest00677,param,,true
BenchmarkTest00678,sqli-01,/sqli-01/BenchmarkTest00678,param,,true
BenchmarkTest00679,sqli-01,/sqli-01/BenchmarkTest00679,param,,true
BenchmarkTest00680,sqli-01,/sqli-01/BenchmarkTest00680,param,,false
BenchmarkTest00681,sqli-01,/sqli-01/BenchmarkTest00681,param,,true
BenchmarkTest00682,sqli-01,/sqli-01/BenchmarkTest00682,param,,false
BenchmarkTest00683,xpathi-00,/xpathi-00/BenchmarkTest00683,param,,false
BenchmarkTest00684,crypto-00,/crypto-00/BenchmarkTest00684,param,,true
BenchmarkTest00685,crypto-00,/crypto-00/BenchmarkTest00685,param,,true
BenchmarkTest00686,crypto-00,/crypto-00/BenchmarkTest00686,param,,false
BenchmarkTest00687,crypto-00,/crypto-00/BenchmarkTest00687,param,,false
BenchmarkTest00688,crypto-00,/crypto-00/BenchmarkTest00688,param,,true
BenchmarkTest00689,crypto-00,/crypto-00/BenchmarkTest00689,param,,false
BenchmarkTest00690,crypto-00,/crypto-00/BenchmarkTest00690,param,,false
BenchmarkTest00691,crypto-00,/crypto-00/BenchmarkTest00691,param,,true
BenchmarkTest00692,crypto-01,/crypto-01/BenchmarkTest00692,param,,true
BenchmarkTest00693,crypto-01,/crypto-01/BenchmarkTest00693,param,,true
BenchmarkTest00694,ldapi-00,/ldapi-00/BenchmarkTest00694,param,,true
BenchmarkTest00695,ldapi-00,/ldapi-00/BenchmarkTest00695,param,,true
BenchmarkTest00696,pathtraver-00,/pathtraver-00/BenchmarkTest00696,param,,true
BenchmarkTest00697,pathtraver-00,/pathtraver-00/BenchmarkTest00697,param,,true
BenchmarkTest00698,pathtraver-00,/pathtraver-00/BenchmarkTest00698,param,,true
BenchmarkTest00699,pathtraver-00,/pathtraver-00/BenchmarkTest00699,param,,false
BenchmarkTest00700,pathtraver-00,/pathtraver-00/BenchmarkTest00700,param,,true
BenchmarkTest00701,ldapi-00,/ldapi-00/BenchmarkTest00701,param,,false
BenchmarkTest00702,weakrand-01,/weakrand-01/BenchmarkTest00702,cookie,,true
BenchmarkTest00703,hash-00,/hash-00/BenchmarkTest00703,param,,true
BenchmarkTest00704,hash-00,/hash-00/BenchmarkTest00704,param,,true
BenchmarkTest00705,hash-00,/hash-00/BenchmarkTest00705,param,,true
BenchmarkTest00706,hash-00,/hash-00/BenchmarkTest00706,param,,false
BenchmarkTest00707,hash-00,/hash-00/BenchmarkTest00707,param,,false
BenchmarkTest00708,hash-00,/hash-00/BenchmarkTest00708,param,,true
BenchmarkTest00709,hash-00,/hash-00/BenchmarkTest00709,param,,false
BenchmarkTest00710,hash-00,/hash-00/BenchmarkTest00710,param,,true
BenchmarkTest00711,xss-01,/xss-01/BenchmarkTest00711,param,,true
BenchmarkTest00712,xss-01,/xss-01/BenchmarkTest00712,param,,false
BenchmarkTest00713,xss-01,/xss-01/BenchmarkTest00713,param,,false
BenchmarkTest00714,xss-01,/xss-01/BenchmarkTest00714,param,,false
BenchmarkTest00715,xss-01,/xss-01/BenchmarkTest00715,param,,true
BenchmarkTest00716,xss-01,/xss-01/BenchmarkTest00716,param,,false
BenchmarkTest00717,xss-01,/xss-01/BenchmarkTest00717,param,,false
BenchmarkTest00718,xss-01,/xss-01/BenchmarkTest00718,param,,false
BenchmarkTest00719,xss-01,/xss-01/BenchmarkTest00719,param,,true
BenchmarkTest00720,xss-01,/xss-01/BenchmarkTest00720,param,,true
BenchmarkTest00721,xss-01,/xss-01/BenchmarkTest00721,param,,true
BenchmarkTest00722,xss-01,/xss-01/BenchmarkTest00722,param,,false
BenchmarkTest00723,xss-01,/xss-01/BenchmarkTest00723,param,,false
BenchmarkTest00724,xss-01,/xss-01/BenchmarkTest00724,param,,true
BenchmarkTest00725,xss-01,/xss-01/BenchmarkTest00725,param,,true
BenchmarkTest00726,xss-01,/xss-01/BenchmarkTest00726,param,,false
BenchmarkTest00727,xss-01,/xss-01/BenchmarkTest00727,param,,true
BenchmarkTest00728,xss-01,/xss-01/BenchmarkTest00728,param,,true
BenchmarkTest00729,xss-01,/xss-01/BenchmarkTest00729,param,,true
BenchmarkTest00730,xss-01,/xss-01/BenchmarkTest00730,param,,false
BenchmarkTest00731,cmdi-00,/cmdi-00/BenchmarkTest00731,param,,true
BenchmarkTest00732,cmdi-00,/cmdi-00/BenchmarkTest00732,param,,false
BenchmarkTest00733,weakrand-01,/weakrand-01/BenchmarkTest00733,cookie,,true
BenchmarkTest00734,weakrand-01,/weakrand-01/BenchmarkTest00734,cookie,,true
BenchmarkTest00735,weakrand-01,/weakrand-01/BenchmarkTest00735,cookie,,true
BenchmarkTest00736,securecookie-00,/securecookie-00/BenchmarkTest00736,param,,true
BenchmarkTest00737,xss-01,/xss-01/BenchmarkTest00737,param,,true
BenchmarkTest00738,cmdi-00,/cmdi-00/BenchmarkTest00738,param,,false
BenchmarkTest00739,cmdi-00,/cmdi-00/BenchmarkTest00739,param,,false
BenchmarkTest00740,cmdi-00,/cmdi-00/BenchmarkTest00740,param,,true
BenchmarkTest00741,cmdi-00,/cmdi-00/BenchmarkTest00741,param,,false
BenchmarkTest00742,cmdi-00,/cmdi-00/BenchmarkTest00742,param,,false
BenchmarkTest00743,cmdi-00,/cmdi-00/BenchmarkTest00743,param,,false
BenchmarkTest00744,weakrand-01,/weakrand-01/BenchmarkTest00744,cookie,,false
BenchmarkTest00745,weakrand-01,/weakrand-01/BenchmarkTest00745,cookie,,false
BenchmarkTest00746,weakrand-01,/weakrand-01/BenchmarkTest00746,cookie,,false
BenchmarkTest00747,weakrand-01,/weakrand-01/BenchmarkTest00747,cookie,,false
BenchmarkTest00748,weakrand-01,/weakrand-01/BenchmarkTest00748,cookie,,false
BenchmarkTest00749,weakrand-01,/weakrand-01/BenchmarkTest00749,cookie,,false
BenchmarkTest00750,weakrand-01,/weakrand-01/BenchmarkTest00750,cookie,,false
BenchmarkTest00751,weakrand-01,/weakrand-01/BenchmarkTest00751,cookie,,false
BenchmarkTest00752,weakrand-01,/weakrand-01/BenchmarkTest00752,cookie,,false
BenchmarkTest00753,weakrand-01,/weakrand-01/BenchmarkTest00753,cookie,,false
BenchmarkTest00754,trustbound-00,/trustbound-00/BenchmarkTest00754,param,,true
BenchmarkTest00755,trustbound-00,/trustbound-00/BenchmarkTest00755,param,,false
BenchmarkTest00756,trustbound-00,/trustbound-00/BenchmarkTest00756,param,,true
BenchmarkTest00757,trustbound-00,/trustbound-00/BenchmarkTest00757,param,,true
BenchmarkTest00758,trustbound-00,/trustbound-00/BenchmarkTest00758,param,,false
BenchmarkTest00759,trustbound-00,/trustbound-00/BenchmarkTest00759,param,,true
BenchmarkTest00760,sqli-01,/sqli-01/BenchmarkTest00760,param,,true
BenchmarkTest00761,sqli-01,/sqli-01/BenchmarkTest00761,param,,true
BenchmarkTest00762,sqli-01,/sqli-01/BenchmarkTest00762,param,,true
BenchmarkTest00763,sqli-01,/sqli-01/BenchmarkTest00763,param,,false
BenchmarkTest00764,sqli-01,/sqli-01/BenchmarkTest00764,param,,true
BenchmarkTest00765,sqli-01,/sqli-01/BenchmarkTest00765,param,,true
BenchmarkTest00766,sqli-01,/sqli-01/BenchmarkTest00766,param,,false
BenchmarkTest00767,sqli-01,/sqli-01/BenchmarkTest00767,param,,true
BenchmarkTest00768,sqli-01,/sqli-01/BenchmarkTest00768,param,,true
BenchmarkTest00769,sqli-01,/sqli-01/BenchmarkTest00769,param,,true
BenchmarkTest00770,sqli-01,/sqli-01/BenchmarkTest00770,param,,true
BenchmarkTest00771,sqli-01,/sqli-01/BenchmarkTest00771,param,,true
BenchmarkTest00772,sqli-01,/sqli-01/BenchmarkTest00772,param,,false
BenchmarkTest00773,sqli-01,/sqli-01/BenchmarkTest00773,param,,false
BenchmarkTest00774,sqli-01,/sqli-01/BenchmarkTest00774,param,,false
BenchmarkTest00775,crypto-01,/crypto-01/BenchmarkTest00775,param,,false
BenchmarkTest00776,crypto-01,/crypto-01/BenchmarkTest00776,param,,false
BenchmarkTest00777,crypto-01,/crypto-01/BenchmarkTest00777,param,,false
BenchmarkTest00778,crypto-01,/crypto-01/BenchmarkTest00778,param,,false
BenchmarkTest00779,crypto-01,/crypto-01/BenchmarkTest00779,param,,true
BenchmarkTest00780,crypto-01,/crypto-01/BenchmarkTest00780,param,,false
BenchmarkTest00781,crypto-01,/crypto-01/BenchmarkTest00781,param,,true
BenchmarkTest00782,crypto-01,/crypto-01/BenchmarkTest00782,param,,false
BenchmarkTest00783,pathtraver-00,/pathtraver-00/BenchmarkTest00783,param,,true
BenchmarkTest00784,pathtraver-00,/pathtraver-00/BenchmarkTest00784,param,,false
BenchmarkTest00785,pathtraver-00,/pathtraver-00/BenchmarkTest00785,param,,true
BenchmarkTest00786,pathtraver-00,/pathtraver-00/BenchmarkTest00786,param,,false
BenchmarkTest00787,pathtraver-00,/pathtraver-00/BenchmarkTest00787,param,,true
BenchmarkTest00788,pathtraver-00,/pathtraver-00/BenchmarkTest00788,param,,true
BenchmarkTest00789,hash-00,/hash-00/BenchmarkTest00789,param,,true
BenchmarkTest00790,hash-00,/hash-00/BenchmarkTest00790,param,,true
BenchmarkTest00791,hash-00,/hash-00/BenchmarkTest00791,param,,false
BenchmarkTest00792,hash-00,/hash-00/BenchmarkTest00792,param,,false
BenchmarkTest00793,hash-00,/hash-00/BenchmarkTest00793,param,,false
BenchmarkTest00794,hash-00,/hash-00/BenchmarkTest00794,param,,true
BenchmarkTest00795,hash-00,/hash-00/BenchmarkTest00795,param,,false
BenchmarkTest00796,hash-00,/hash-00/BenchmarkTest00796,param,,true
BenchmarkTest00797,hash-01,/hash-01/BenchmarkTest00797,param,,true
BenchmarkTest00798,hash-01,/hash-01/BenchmarkTest00798,param,,false
BenchmarkTest00799,xss-01,/xss-01/BenchmarkTest00799,param,,false
BenchmarkTest00800,xss-01,/xss-01/BenchmarkTest00800,param,,true
BenchmarkTest00801,xss-01,/xss-01/BenchmarkTest00801,param,,true
BenchmarkTest00802,xss-01,/xss-01/BenchmarkTest00802,param,,true
BenchmarkTest00803,xss-01,/xss-01/BenchmarkTest00803,param,,true
BenchmarkTest00804,xss-01,/xss-01/BenchmarkTest00804,param,,true
BenchmarkTest00805,xss-01,/xss-01/BenchmarkTest00805,param,,true
BenchmarkTest00806,xss-01,/xss-01/BenchmarkTest00806,param,,true
BenchmarkTest00807,xss-01,/xss-01/BenchmarkTest00807,param,,true
BenchmarkTest00808,xss-01,/xss-01/BenchmarkTest00808,param,,false
BenchmarkTest00809,xss-01,/xss-01/BenchmarkTest00809,param,,true
BenchmarkTest00810,xss-01,/xss-01/BenchmarkTest00810,param,,true
BenchmarkTest00811,xss-01,/xss-01/BenchmarkTest00811,param,,true
BenchmarkTest00812,xss-01,/xss-01/BenchmarkTest00812,param,,false
BenchmarkTest00813,xss-01,/xss-01/BenchmarkTest00813,param,,false
BenchmarkTest00814,cmdi-00,/cmdi-00/BenchmarkTest00814,param,,false
BenchmarkTest00815,cmdi-00,/cmdi-00/BenchmarkTest00815,param,,true
BenchmarkTest00816,cmdi-00,/cmdi-00/BenchmarkTest00816,param,,true
BenchmarkTest00817,weakrand-01,/weakrand-01/BenchmarkTest00817,cookie,,true
BenchmarkTest00818,weakrand-01,/weakrand-01/BenchmarkTest00818,cookie,,true
BenchmarkTest00819,weakrand-01,/weakrand-01/BenchmarkTest00819,cookie,,true
BenchmarkTest00820,securecookie-00,/securecookie-00/BenchmarkTest00820,param,,true
BenchmarkTest00821,securecookie-00,/securecookie-00/BenchmarkTest00821,param,,true
BenchmarkTest00822,xss-01,/xss-01/BenchmarkTest00822,param,,true
BenchmarkTest00823,cmdi-00,/cmdi-00/BenchmarkTest00823,param,,true
BenchmarkTest00824,cmdi-00,/cmdi-00/BenchmarkTest00824,param,,true
BenchmarkTest00825,cmdi-00,/cmdi-00/BenchmarkTest00825,param,,true
BenchmarkTest00826,cmdi-00,/cmdi-00/BenchmarkTest00826,param,,false
BenchmarkTest00827,cmdi-00,/cmdi-00/BenchmarkTest00827,param,,false
BenchmarkTest00828,weakrand-01,/weakrand-01/BenchmarkTest00828,cookie,,false
BenchmarkTest00829,weakrand-01,/weakrand-01/BenchmarkTest00829,cookie,,false
BenchmarkTest00830,weakrand-01,/weakrand-01/BenchmarkTest00830,cookie,,false
BenchmarkTest00831,weakrand-01,/weakrand-01/BenchmarkTest00831,cookie,,false
BenchmarkTest00832,weakrand-01,/weakrand-01/BenchmarkTest00832,cookie,,false
BenchmarkTest00833,trustbound-00,/trustbound-00/BenchmarkTest00833,param,,true
BenchmarkTest00834,trustbound-00,/trustbound-00/BenchmarkTest00834,param,,true
BenchmarkTest00835,trustbound-00,/trustbound-00/BenchmarkTest00835,param,,false
BenchmarkTest00836,trustbound-00,/trustbound-00/BenchmarkTest00836,param,,true
BenchmarkTest00837,sqli-01,/sqli-01/BenchmarkTest00837,param,,false
BenchmarkTest00838,sqli-01,/sqli-01/BenchmarkTest00838,param,,false
BenchmarkTest00839,sqli-01,/sqli-01/BenchmarkTest00839,param,,true
BenchmarkTest00840,sqli-01,/sqli-01/BenchmarkTest00840,param,,true
BenchmarkTest00841,sqli-01,/sqli-01/BenchmarkTest00841,param,,true
BenchmarkTest00842,sqli-01,/sqli-01/BenchmarkTest00842,param,,true
BenchmarkTest00843,sqli-01,/sqli-01/BenchmarkTest00843,param,,true
BenchmarkTest00844,sqli-01,/sqli-01/BenchmarkTest00844,param,,false
BenchmarkTest00845,sqli-01,/sqli-01/BenchmarkTest00845,param,,true
BenchmarkTest00846,sqli-01,/sqli-01/BenchmarkTest00846,param,,true
BenchmarkTest00847,sqli-01,/sqli-01/BenchmarkTest00847,param,,true
BenchmarkTest00848,sqli-01,/sqli-01/BenchmarkTest00848,param,,true
BenchmarkTest00849,sqli-01,/sqli-01/BenchmarkTest00849,param,,true
BenchmarkTest00850,sqli-01,/sqli-01/BenchmarkTest00850,param,,true
BenchmarkTest00851,sqli-01,/sqli-01/BenchmarkTest00851,param,,false
BenchmarkTest00852,xpathi-00,/xpathi-00/BenchmarkTest00852,param,,false
BenchmarkTest00853,crypto-01,/crypto-01/BenchmarkTest00853,param,,true
BenchmarkTest00854,crypto-01,/crypto-01/BenchmarkTest00854,param,,false
BenchmarkTest00855,crypto-01,/crypto-01/BenchmarkTest00855,param,,true
BenchmarkTest00856,crypto-01,/crypto-01/BenchmarkTest00856,param,,true
BenchmarkTest00857,crypto-01,/crypto-01/BenchmarkTest00857,param,,true
BenchmarkTest00858,crypto-01,/crypto-01/BenchmarkTest00858,param,,false
BenchmarkTest00859,crypto-01,/crypto-01/BenchmarkTest00859,param,,true
BenchmarkTest00860,ldapi-00,/ldapi-00/BenchmarkTest00860,param,,false
BenchmarkTest00861,ldapi-00,/ldapi-00/BenchmarkTest00861,param,,false
BenchmarkTest00862,pathtraver-00,/pathtraver-00/BenchmarkTest00862,param,,false
BenchmarkTest00863,pathtraver-00,/pathtraver-00/BenchmarkTest00863,param,,false
BenchmarkTest00864,pathtraver-00,/pathtraver-00/BenchmarkTest00864,param,,false
BenchmarkTest00865,pathtraver-00,/pathtraver-00/BenchmarkTest00865,param,,false
BenchmarkTest00866,pathtraver-01,/pathtraver-01/BenchmarkTest00866,param,,false
BenchmarkTest00867,pathtraver-01,/pathtraver-01/BenchmarkTest00867,param,,false
BenchmarkTest00868,hash-01,/hash-01/BenchmarkTest00868,param,,true
BenchmarkTest00869,hash-01,/hash-01/BenchmarkTest00869,param,,true
BenchmarkTest00870,hash-01,/hash-01/BenchmarkTest00870,param,,true
BenchmarkTest00871,hash-01,/hash-01/BenchmarkTest00871,param,,true
BenchmarkTest00872,hash-01,/hash-01/BenchmarkTest00872,param,,true
BenchmarkTest00873,hash-01,/hash-01/BenchmarkTest00873,param,,false
BenchmarkTest00874,hash-01,/hash-01/BenchmarkTest00874,param,,false
BenchmarkTest00875,hash-01,/hash-01/BenchmarkTest00875,param,,true
BenchmarkTest00876,hash-01,/hash-01/BenchmarkTest00876,param,,true
BenchmarkTest00877,hash-01,/hash-01/BenchmarkTest00877,param,,false
BenchmarkTest00878,hash-01,/hash-01/BenchmarkTest00878,param,,false
BenchmarkTest00879,xss-01,/xss-01/BenchmarkTest00879,param,,false
BenchmarkTest00880,xss-01,/xss-01/BenchmarkTest00880,param,,false
BenchmarkTest00881,xss-01,/xss-01/BenchmarkTest00881,param,,false
BenchmarkTest00882,xss-01,/xss-01/BenchmarkTest00882,param,,false
BenchmarkTest00883,xss-01,/xss-01/BenchmarkTest00883,param,,false
BenchmarkTest00884,xss-01,/xss-01/BenchmarkTest00884,param,,false
BenchmarkTest00885,xss-01,/xss-01/BenchmarkTest00885,param,,false
BenchmarkTest00886,xss-01,/xss-01/BenchmarkTest00886,param,,false
BenchmarkTest00887,xss-01,/xss-01/BenchmarkTest00887,param,,false
BenchmarkTest00888,xss-01,/xss-01/BenchmarkTest00888,param,,false
BenchmarkTest00889,xss-01,/xss-01/BenchmarkTest00889,param,,false
BenchmarkTest00890,xss-01,/xss-01/BenchmarkTest00890,param,,false
BenchmarkTest00891,xss-01,/xss-01/BenchmarkTest00891,param,,false
BenchmarkTest00892,xss-01,/xss-01/BenchmarkTest00892,param,,false
BenchmarkTest00893,xss-01,/xss-01/BenchmarkTest00893,param,,false
BenchmarkTest00894,xss-01,/xss-01/BenchmarkTest00894,param,,false
BenchmarkTest00895,cmdi-01,/cmdi-01/BenchmarkTest00895,param,,false
BenchmarkTest00896,cmdi-01,/cmdi-01/BenchmarkTest00896,param,,false
BenchmarkTest00897,cmdi-01,/cmdi-01/BenchmarkTest00897,param,,false
BenchmarkTest00898,weakrand-01,/weakrand-01/BenchmarkTest00898,cookie,,true
BenchmarkTest00899,weakrand-01,/weakrand-01/BenchmarkTest00899,cookie,,true
BenchmarkTest00900,weakrand-01,/weakrand-01/BenchmarkTest00900,cookie,,true
BenchmarkTest00901,weakrand-01,/weakrand-01/BenchmarkTest00901,cookie,,true
BenchmarkTest00902,weakrand-01,/weakrand-01/BenchmarkTest00902,cookie,,true
BenchmarkTest00903,securecookie-00,/securecookie-00/BenchmarkTest00903,param,,true
BenchmarkTest00904,securecookie-00,/securecookie-00/BenchmarkTest00904,param,,false
BenchmarkTest00905,cmdi-01,/cmdi-01/BenchmarkTest00905,param,,false
BenchmarkTest00906,cmdi-01,/cmdi-01/BenchmarkTest00906,param,,false
BenchmarkTest00907,cmdi-01,/cmdi-01/BenchmarkTest00907,param,,false
BenchmarkTest00908,cmdi-01,/cmdi-01/BenchmarkTest00908,param,,false
BenchmarkTest00909,cmdi-01,/cmdi-01/BenchmarkTest00909,param,,false
BenchmarkTest00910,cmdi-01,/cmdi-01/BenchmarkTest00910,param,,false
BenchmarkTest00911,weakrand-02,/weakrand-02/BenchmarkTest00911,cookie,,false
BenchmarkTest00912,weakrand-02,/weakrand-02/BenchmarkTest00912,cookie,,false
BenchmarkTest00913,weakrand-02,/weakrand-02/BenchmarkTest00913,cookie,,false
BenchmarkTest00914,weakrand-02,/weakrand-02/BenchmarkTest00914,cookie,,false
BenchmarkTest00915,weakrand-02,/weakrand-02/BenchmarkTest00915,cookie,,false
BenchmarkTest00916,weakrand-02,/weakrand-02/BenchmarkTest00916,cookie,,false
BenchmarkTest00917,weakrand-02,/weakrand-02/BenchmarkTest00917,cookie,,false
BenchmarkTest00918,weakrand-02,/weakrand-02/BenchmarkTest00918,cookie,,false
BenchmarkTest00919,weakrand-02,/weakrand-02/BenchmarkTest00919,cookie,,false
BenchmarkTest00920,weakrand-02,/weakrand-02/BenchmarkTest00920,cookie,,false
BenchmarkTest00921,weakrand-02,/weakrand-02/BenchmarkTest00921,cookie,,false
BenchmarkTest00922,trustbound-00,/trustbound-00/BenchmarkTest00922,param,,false
BenchmarkTest00923,trustbound-00,/trustbound-00/BenchmarkTest00923,param,,false
BenchmarkTest00924,sqli-01,/sqli-01/BenchmarkTest00924,param,,false
BenchmarkTest00925,sqli-01,/sqli-01/BenchmarkTest00925,param,,false
BenchmarkTest00926,sqli-01,/sqli-01/BenchmarkTest00926,param,,false
BenchmarkTest00927,sqli-01,/sqli-01/BenchmarkTest00927,param,,false
BenchmarkTest00928,sqli-01,/sqli-01/BenchmarkTest00928,param,,false
BenchmarkTest00929,sqli-01,/sqli-01/BenchmarkTest00929,param,,false
BenchmarkTest00930,sqli-01,/sqli-01/BenchmarkTest00930,param,,false
BenchmarkTest00931,sqli-01,/sqli-01/BenchmarkTest00931,param,,false
BenchmarkTest00932,sqli-01,/sqli-01/BenchmarkTest00932,param,,false
BenchmarkTest00933,sqli-01,/sqli-01/BenchmarkTest00933,param,,false
BenchmarkTest00934,sqli-01,/sqli-01/BenchmarkTest00934,param,,false
BenchmarkTest00935,sqli-01,/sqli-01/BenchmarkTest00935,param,,false
BenchmarkTest00936,sqli-02,/sqli-02/BenchmarkTest00936,param,,false
BenchmarkTest00937,sqli-02,/sqli-02/BenchmarkTest00937,param,,false
BenchmarkTest00938,sqli-02,/sqli-02/BenchmarkTest00938,param,,false
BenchmarkTest00939,sqli-02,/sqli-02/BenchmarkTest00939,param,,false
BenchmarkTest00940,sqli-02,/sqli-02/BenchmarkTest00940,param,,false
BenchmarkTest00941,xpathi-00,/xpathi-00/BenchmarkTest00941,param,,false
BenchmarkTest00942,crypto-01,/crypto-01/BenchmarkTest00942,cookie,,false
BenchmarkTest00943,crypto-01,/crypto-01/BenchmarkTest00943,cookie,,false
BenchmarkTest00944,crypto-01,/crypto-01/BenchmarkTest00944,cookie,,false
BenchmarkTest00945,crypto-01,/crypto-01/BenchmarkTest00945,cookie,,true
BenchmarkTest00946,crypto-01,/crypto-01/BenchmarkTest00946,cookie,,true
BenchmarkTest00947,ldapi-00,/ldapi-00/BenchmarkTest00947,cookie,,true
BenchmarkTest00948,ldapi-00,/ldapi-00/BenchmarkTest00948,cookie,,false
BenchmarkTest00949,pathtraver-01,/pathtraver-01/BenchmarkTest00949,cookie,,true
BenchmarkTest00950,pathtraver-01,/pathtraver-01/BenchmarkTest00950,cookie,,true
BenchmarkTest00951,pathtraver-01,/pathtraver-01/BenchmarkTest00951,cookie,,false
BenchmarkTest00952,pathtraver-01,/pathtraver-01/BenchmarkTest00952,cookie,,true
BenchmarkTest00953,pathtraver-01,/pathtraver-01/BenchmarkTest00953,cookie,,true
BenchmarkTest00954,pathtraver-01,/pathtraver-01/BenchmarkTest00954,cookie,,false
BenchmarkTest00955,pathtraver-01,/pathtraver-01/BenchmarkTest00955,cookie,,false
BenchmarkTest00956,pathtraver-01,/pathtraver-01/BenchmarkTest00956,cookie,,true
BenchmarkTest00957,pathtraver-01,/pathtraver-01/BenchmarkTest00957,cookie,,false
BenchmarkTest00958,pathtraver-01,/pathtraver-01/BenchmarkTest00958,cookie,,false
BenchmarkTest00959,ldapi-00,/ldapi-00/BenchmarkTest00959,cookie,,true
BenchmarkTest00960,weakrand-02,/weakrand-02/BenchmarkTest00960,cookie,,true
BenchmarkTest00961,hash-01,/hash-01/BenchmarkTest00961,cookie,,true
BenchmarkTest00962,hash-01,/hash-01/BenchmarkTest00962,cookie,,false
BenchmarkTest00963,hash-01,/hash-01/BenchmarkTest00963,cookie,,true
BenchmarkTest00964,hash-01,/hash-01/BenchmarkTest00964,cookie,,false
BenchmarkTest00965,hash-01,/hash-01/BenchmarkTest00965,cookie,,false
BenchmarkTest00966,hash-01,/hash-01/BenchmarkTest00966,cookie,,false
BenchmarkTest00967,hash-01,/hash-01/BenchmarkTest00967,cookie,,false
BenchmarkTest00968,cmdi-01,/cmdi-01/BenchmarkTest00968,cookie,,true
BenchmarkTest00969,cmdi-01,/cmdi-01/BenchmarkTest00969,cookie,,false
BenchmarkTest00970,cmdi-01,/cmdi-01/BenchmarkTest00970,cookie,,false
BenchmarkTest00971,weakrand-02,/weakrand-02/BenchmarkTest00971,cookie,,true
BenchmarkTest00972,weakrand-02,/weakrand-02/BenchmarkTest00972,cookie,,true
BenchmarkTest00973,weakrand-02,/weakrand-02/BenchmarkTest00973,cookie,,true
BenchmarkTest00974,weakrand-02,/weakrand-02/BenchmarkTest00974,cookie,,true
BenchmarkTest00975,weakrand-02,/weakrand-02/BenchmarkTest00975,cookie,,true
BenchmarkTest00976,weakrand-02,/weakrand-02/BenchmarkTest00976,cookie,,true
BenchmarkTest00977,securecookie-00,/securecookie-00/BenchmarkTest00977,cookie,,true
BenchmarkTest00978,cmdi-01,/cmdi-01/BenchmarkTest00978,cookie,,false
BenchmarkTest00979,cmdi-01,/cmdi-01/BenchmarkTest00979,cookie,,true
BenchmarkTest00980,cmdi-01,/cmdi-01/BenchmarkTest00980,cookie,,false
BenchmarkTest00981,cmdi-01,/cmdi-01/BenchmarkTest00981,cookie,,true
BenchmarkTest00982,cmdi-01,/cmdi-01/BenchmarkTest00982,cookie,,false
BenchmarkTest00983,cmdi-01,/cmdi-01/BenchmarkTest00983,cookie,,true
BenchmarkTest00984,weakrand-02,/weakrand-02/BenchmarkTest00984,cookie,,false
BenchmarkTest00985,weakrand-02,/weakrand-02/BenchmarkTest00985,cookie,,false
BenchmarkTest00986,weakrand-02,/weakrand-02/BenchmarkTest00986,cookie,,false
BenchmarkTest00987,weakrand-02,/weakrand-02/BenchmarkTest00987,cookie,,false
BenchmarkTest00988,weakrand-02,/weakrand-02/BenchmarkTest00988,cookie,,false
BenchmarkTest00989,weakrand-02,/weakrand-02/BenchmarkTest00989,cookie,,false
BenchmarkTest00990,weakrand-02,/weakrand-02/BenchmarkTest00990,cookie,,false
BenchmarkTest00991,trustbound-00,/trustbound-00/BenchmarkTest00991,cookie,,true
BenchmarkTest00992,trustbound-00,/trustbound-00/BenchmarkTest00992,cookie,,false
BenchmarkTest00993,trustbound-00,/trustbound-00/BenchmarkTest00993,cookie,,false
BenchmarkTest00994,trustbound-00,/trustbound-00/BenchmarkTest00994,cookie,,true
BenchmarkTest00995,trustbound-00,/trustbound-00/BenchmarkTest00995,cookie,,true
BenchmarkTest00996,sqli-02,/sqli-02/BenchmarkTest00996,cookie,,true
BenchmarkTest00997,sqli-02,/sqli-02/BenchmarkTest00997,cookie,,true
BenchmarkTest00998,sqli-02,/sqli-02/BenchmarkTest00998,cookie,,true
BenchmarkTest00999,sqli-02,/sqli-02/BenchmarkTest00999,cookie,,false
BenchmarkTest01000,sqli-02,/sqli-02/BenchmarkTest01000,cookie,,true
BenchmarkTest01001,sqli-02,/sqli-02/BenchmarkTest01001,cookie,,false
BenchmarkTest01002,sqli-02,/sqli-02/BenchmarkTest01002,cookie,,true
BenchmarkTest01003,sqli-02,/sqli-02/BenchmarkTest01003,cookie,,true
BenchmarkTest01004,sqli-02,/sqli-02/BenchmarkTest01004,cookie,,true
BenchmarkTest01005,sqli-02,/sqli-02/BenchmarkTest01005,cookie,,true
BenchmarkTest01006,sqli-02,/sqli-02/BenchmarkTest01006,cookie,,true
BenchmarkTest01007,sqli-02,/sqli-02/BenchmarkTest01007,cookie,,true
BenchmarkTest01008,sqli-02,/sqli-02/BenchmarkTest01008,cookie,,true
BenchmarkTest01009,sqli-02,/sqli-02/BenchmarkTest01009,cookie,,true
BenchmarkTest01010,sqli-02,/sqli-02/BenchmarkTest01010,cookie,,false
BenchmarkTest01011,sqli-02,/sqli-02/BenchmarkTest01011,cookie,,true
BenchmarkTest01012,sqli-02,/sqli-02/BenchmarkTest01012,cookie,,false
BenchmarkTest01013,xpathi-00,/xpathi-00/BenchmarkTest01013,cookie,,false
BenchmarkTest01014,xpathi-00,/xpathi-00/BenchmarkTest01014,cookie,,false
BenchmarkTest01015,crypto-01,/crypto-01/BenchmarkTest01015,header_self,,true
BenchmarkTest01016,crypto-01,/crypto-01/BenchmarkTest01016,header_self,,true
BenchmarkTest01017,crypto-01,/crypto-01/BenchmarkTest01017,header_self,,true
BenchmarkTest01018,crypto-01,/crypto-01/BenchmarkTest01018,header_self,,true
BenchmarkTest01019,crypto-01,/crypto-01/BenchmarkTest01019,header_self,,false
BenchmarkTest01020,crypto-01,/crypto-01/BenchmarkTest01020,header_self,,true
BenchmarkTest01021,crypto-01,/crypto-01/BenchmarkTest01021,header_self,,false
BenchmarkTest01022,crypto-01,/crypto-01/BenchmarkTest01022,header_self,,false
BenchmarkTest01023,ldapi-00,/ldapi-00/BenchmarkTest01023,header_self,,true
BenchmarkTest01024,ldapi-00,/ldapi-00/BenchmarkTest01024,header_self,,false
BenchmarkTest01025,pathtraver-01,/pathtraver-01/BenchmarkTest01025,header_self,,true
BenchmarkTest01026,pathtraver-01,/pathtraver-01/BenchmarkTest01026,header_self,,false
BenchmarkTest01027,pathtraver-01,/pathtraver-01/BenchmarkTest01027,header_self,,false
BenchmarkTest01028,pathtraver-01,/pathtraver-01/BenchmarkTest01028,header_self,,false
BenchmarkTest01029,pathtraver-01,/pathtraver-01/BenchmarkTest01029,header_self,,true
BenchmarkTest01030,pathtraver-01,/pathtraver-01/BenchmarkTest01030,header_self,,false
BenchmarkTest01031,pathtraver-01,/pathtraver-01/BenchmarkTest01031,header_self,,false
BenchmarkTest01032,pathtraver-01,/pathtraver-01/BenchmarkTest01032,header_self,,true
BenchmarkTest01033,pathtraver-01,/pathtraver-01/BenchmarkTest01033,header_self,,true
BenchmarkTest01034,pathtraver-01,/pathtraver-01/BenchmarkTest01034,header_self,,true
BenchmarkTest01035,pathtraver-01,/pathtraver-01/BenchmarkTest01035,header_self,,false
BenchmarkTest01036,pathtraver-01,/pathtraver-01/BenchmarkTest01036,header_self,,false
BenchmarkTest01037,hash-01,/hash-01/BenchmarkTest01037,header_self,,false
BenchmarkTest01038,hash-01,/hash-01/BenchmarkTest01038,header_self,,true
BenchmarkTest01039,hash-01,/hash-01/BenchmarkTest01039,header_self,,false
BenchmarkTest01040,hash-01,/hash-01/BenchmarkTest01040,header_self,,false
BenchmarkTest01041,hash-01,/hash-01/BenchmarkTest01041,header_self,,true
BenchmarkTest01042,hash-01,/hash-01/BenchmarkTest01042,header_self,,true
BenchmarkTest01043,hash-01,/hash-01/BenchmarkTest01043,header_self,,true
BenchmarkTest01044,hash-01,/hash-01/BenchmarkTest01044,header_self,,true
BenchmarkTest01045,hash-01,/hash-01/BenchmarkTest01045,header_self,,false
BenchmarkTest01046,xss-01,/xss-01/BenchmarkTest01046,header_other,Referer,true
BenchmarkTest01047,xss-01,/xss-01/BenchmarkTest01047,header_other,Referer,true
BenchmarkTest01048,xss-02,/xss-02/BenchmarkTest01048,header_other,Referer,false
BenchmarkTest01049,xss-02,/xss-02/BenchmarkTest01049,header_other,Referer,true
BenchmarkTest01050,xss-02,/xss-02/BenchmarkTest01050,header_other,Referer,true
BenchmarkTest01051,xss-02,/xss-02/BenchmarkTest01051,header_other,Referer,false
BenchmarkTest01052,xss-02,/xss-02/BenchmarkTest01052,header_other,Referer,false
BenchmarkTest01053,xss-02,/xss-02/BenchmarkTest01053,header_other,Referer,false
BenchmarkTest01054,xss-02,/xss-02/BenchmarkTest01054,header_other,Referer,false
BenchmarkTest01055,xss-02,/xss-02/BenchmarkTest01055,header_other,Referer,true
BenchmarkTest01056,xss-02,/xss-02/BenchmarkTest01056,header_other,Referer,true
BenchmarkTest01057,xss-02,/xss-02/BenchmarkTest01057,header_other,Referer,true
BenchmarkTest01058,weakrand-02,/weakrand-02/BenchmarkTest01058,cookie,,true
BenchmarkTest01059,weakrand-02,/weakrand-02/BenchmarkTest01059,cookie,,true
BenchmarkTest01060,weakrand-02,/weakrand-02/BenchmarkTest01060,cookie,,true
BenchmarkTest01061,securecookie-00,/securecookie-00/BenchmarkTest01061,header_self,,true
BenchmarkTest01062,securecookie-00,/securecookie-00/BenchmarkTest01062,header_self,,false
BenchmarkTest01063,xss-02,/xss-02/BenchmarkTest01063,header_other,Referer,true
BenchmarkTest01064,cmdi-01,/cmdi-01/BenchmarkTest01064,header_self,,true
BenchmarkTest01065,cmdi-01,/cmdi-01/BenchmarkTest01065,header_self,,false
BenchmarkTest01066,cmdi-01,/cmdi-01/BenchmarkTest01066,header_self,,true
BenchmarkTest01067,cmdi-01,/cmdi-01/BenchmarkTest01067,header_self,,false
BenchmarkTest01068,cmdi-01,/cmdi-01/BenchmarkTest01068,header_self,,false
BenchmarkTest01069,weakrand-02,/weakrand-02/BenchmarkTest01069,cookie,,false
BenchmarkTest01070,weakrand-02,/weakrand-02/BenchmarkTest01070,cookie,,false
BenchmarkTest01071,weakrand-02,/weakrand-02/BenchmarkTest01071,cookie,,false
BenchmarkTest01072,weakrand-02,/weakrand-02/BenchmarkTest01072,cookie,,false
BenchmarkTest01073,weakrand-02,/weakrand-02/BenchmarkTest01073,cookie,,false
BenchmarkTest01074,weakrand-02,/weakrand-02/BenchmarkTest01074,cookie,,false
BenchmarkTest01075,weakrand-02,/weakrand-02/BenchmarkTest01075,cookie,,false
BenchmarkTest01076,weakrand-02,/weakrand-02/BenchmarkTest01076,cookie,,false
BenchmarkTest01077,weakrand-02,/weakrand-02/BenchmarkTest01077,cookie,,false
BenchmarkTest01078,weakrand-02,/weakrand-02/BenchmarkTest01078,cookie,,false
BenchmarkTest01079,weakrand-02,/weakrand-02/BenchmarkTest01079,cookie,,false
BenchmarkTest01080,trustbound-00,/trustbound-00/BenchmarkTest01080,header_self,,false
BenchmarkTest01081,trustbound-00,/trustbound-00/BenchmarkTest01081,header_self,,true
BenchmarkTest01082,trustbound-00,/trustbound-00/BenchmarkTest01082,header_self,,true
BenchmarkTest01083,sqli-02,/sqli-02/BenchmarkTest01083,header_self,,true
BenchmarkTest01084,sqli-02,/sqli-02/BenchmarkTest01084,header_self,,true
BenchmarkTest01085,sqli-02,/sqli-02/BenchmarkTest01085,header_self,,false
BenchmarkTest01086,sqli-02,/sqli-02/BenchmarkTest01086,header_self,,false
BenchmarkTest01087,sqli-02,/sqli-02/BenchmarkTest01087,header_self,,true
BenchmarkTest01088,sqli-02,/sqli-02/BenchmarkTest01088,header_self,,true
BenchmarkTest01089,sqli-02,/sqli-02/BenchmarkTest01089,header_self,,false
BenchmarkTest01090,sqli-02,/sqli-02/BenchmarkTest01090,header_self,,true
BenchmarkTest01091,sqli-02,/sqli-02/BenchmarkTest01091,header_self,,true
BenchmarkTest01092,sqli-02,/sqli-02/BenchmarkTest01092,header_self,,false
BenchmarkTest01093,sqli-02,/sqli-02/BenchmarkTest01093,header_self,,true
BenchmarkTest01094,sqli-02,/sqli-02/BenchmarkTest01094,header_self,,true
BenchmarkTest01095,sqli-02,/sqli-02/BenchmarkTest01095,header_self,,false
BenchmarkTest01096,sqli-02,/sqli-02/BenchmarkTest01096,header_self,,false
BenchmarkTest01097,sqli-02,/sqli-02/BenchmarkTest01097,header_self,,true
BenchmarkTest01098,sqli-02,/sqli-02/BenchmarkTest01098,header_self,,false
BenchmarkTest01099,crypto-01,/crypto-01/BenchmarkTest01099,header_any,,true
BenchmarkTest01100,crypto-01,/crypto-01/BenchmarkTest01100,header_any,,false
BenchmarkTest01101,crypto-01,/crypto-01/BenchmarkTest01101,header_any,,false
BenchmarkTest01102,crypto-01,/crypto-01/BenchmarkTest01102,header_any,,true
BenchmarkTest01103,crypto-01,/crypto-01/BenchmarkTest01103,header_any,,true
BenchmarkTest01104,crypto-01,/crypto-01/BenchmarkTest01104,header_any,,false
BenchmarkTest01105,crypto-01,/crypto-01/BenchmarkTest01105,header_any,,true
BenchmarkTest01106,crypto-01,/crypto-01/BenchmarkTest01106,header_any,,true
BenchmarkTest01107,crypto-01,/crypto-01/BenchmarkTest01107,header_any,,true
BenchmarkTest01108,crypto-01,/crypto-01/BenchmarkTest01108,header_any,,false
BenchmarkTest01109,pathtraver-01,/pathtraver-01/BenchmarkTest01109,header_any,,false
BenchmarkTest01110,pathtraver-01,/pathtraver-01/BenchmarkTest01110,header_any,,false
BenchmarkTest01111,pathtraver-01,/pathtraver-01/BenchmarkTest01111,header_any,,true
BenchmarkTest01112,pathtraver-01,/pathtraver-01/BenchmarkTest01112,header_any,,true
BenchmarkTest01113,pathtraver-01,/pathtraver-01/BenchmarkTest01113,header_any,,false
BenchmarkTest01114,pathtraver-01,/pathtraver-01/BenchmarkTest01114,header_any,,false
BenchmarkTest01115,pathtraver-01,/pathtraver-01/BenchmarkTest01115,header_any,,false
BenchmarkTest01116,pathtraver-01,/pathtraver-01/BenchmarkTest01116,header_any,,true
BenchmarkTest01117,pathtraver-01,/pathtraver-01/BenchmarkTest01117,header_any,,true
BenchmarkTest01118,pathtraver-01,/pathtraver-01/BenchmarkTest01118,header_any,,false
BenchmarkTest01119,weakrand-02,/weakrand-02/BenchmarkTest01119,cookie,,true
BenchmarkTest01120,hash-01,/hash-01/BenchmarkTest01120,header_any,,false
BenchmarkTest01121,hash-01,/hash-01/BenchmarkTest01121,header_any,,false
BenchmarkTest01122,hash-01,/hash-01/BenchmarkTest01122,header_any,,false
BenchmarkTest01123,hash-01,/hash-01/BenchmarkTest01123,header_any,,true
BenchmarkTest01124,hash-01,/hash-01/BenchmarkTest01124,header_any,,true
BenchmarkTest01125,hash-01,/hash-01/BenchmarkTest01125,header_any,,false
BenchmarkTest01126,hash-01,/hash-01/BenchmarkTest01126,header_any,,false
BenchmarkTest01127,weakrand-02,/weakrand-02/BenchmarkTest01127,cookie,,true
BenchmarkTest01128,weakrand-02,/weakrand-02/BenchmarkTest01128,cookie,,true
BenchmarkTest01129,weakrand-02,/weakrand-02/BenchmarkTest01129,cookie,,true
BenchmarkTest01130,weakrand-02,/weakrand-02/BenchmarkTest01130,cookie,,true
BenchmarkTest01131,weakrand-02,/weakrand-02/BenchmarkTest01131,cookie,,true
BenchmarkTest01132,weakrand-02,/weakrand-02/BenchmarkTest01132,cookie,,true
BenchmarkTest01133,weakrand-02,/weakrand-02/BenchmarkTest01133,cookie,,true
BenchmarkTest01134,securecookie-00,/securecookie-00/BenchmarkTest01134,header_any,,true
BenchmarkTest01135,weakrand-02,/weakrand-02/BenchmarkTest01135,cookie,,false
BenchmarkTest01136,weakrand-02,/weakrand-02/BenchmarkTest01136,cookie,,false
BenchmarkTest01137,weakrand-02,/weakrand-02/BenchmarkTest01137,cookie,,false
BenchmarkTest01138,weakrand-02,/weakrand-02/BenchmarkTest01138,cookie,,false
BenchmarkTest01139,weakrand-02,/weakrand-02/BenchmarkTest01139,cookie,,false
BenchmarkTest01140,weakrand-02,/weakrand-02/BenchmarkTest01140,cookie,,false
BenchmarkTest01141,weakrand-02,/weakrand-02/BenchmarkTest01141,cookie,,false
BenchmarkTest01142,trustbound-00,/trustbound-00/BenchmarkTest01142,header_any,,false
BenchmarkTest01143,trustbound-00,/trustbound-00/BenchmarkTest01143,header_any,,true
BenchmarkTest01144,trustbound-00,/trustbound-00/BenchmarkTest01144,header_any,,false
BenchmarkTest01145,trustbound-00,/trustbound-00/BenchmarkTest01145,header_any,,false
BenchmarkTest01146,trustbound-00,/trustbound-00/BenchmarkTest01146,header_any,,false
BenchmarkTest01147,crypto-01,/crypto-01/BenchmarkTest01147,header_self,,false
BenchmarkTest01148,crypto-01,/crypto-01/BenchmarkTest01148,header_self,,true
BenchmarkTest01149,crypto-01,/crypto-01/BenchmarkTest01149,header_self,,true
BenchmarkTest01150,crypto-01,/crypto-01/BenchmarkTest01150,header_self,,true
BenchmarkTest01151,crypto-01,/crypto-01/BenchmarkTest01151,header_self,,false
BenchmarkTest01152,crypto-01,/crypto-01/BenchmarkTest01152,header_self,,false
BenchmarkTest01153,crypto-01,/crypto-01/BenchmarkTest01153,header_self,,false
BenchmarkTest01154,ldapi-00,/ldapi-00/BenchmarkTest01154,header_self,,false
BenchmarkTest01155,pathtraver-01,/pathtraver-01/BenchmarkTest01155,header_self,,true
BenchmarkTest01156,pathtraver-01,/pathtraver-01/BenchmarkTest01156,header_self,,true
BenchmarkTest01157,pathtraver-01,/pathtraver-01/BenchmarkTest01157,header_self,,true
BenchmarkTest01158,pathtraver-01,/pathtraver-01/BenchmarkTest01158,header_self,,false
BenchmarkTest01159,pathtraver-01,/pathtraver-01/BenchmarkTest01159,header_self,,false
BenchmarkTest01160,pathtraver-01,/pathtraver-01/BenchmarkTest01160,header_self,,false
BenchmarkTest01161,pathtraver-01,/pathtraver-01/BenchmarkTest01161,header_self,,true
BenchmarkTest01162,weakrand-02,/weakrand-02/BenchmarkTest01162,cookie,,true
BenchmarkTest01163,weakrand-02,/weakrand-02/BenchmarkTest01163,cookie,,true
BenchmarkTest01164,hash-01,/hash-01/BenchmarkTest01164,header_self,,false
BenchmarkTest01165,hash-01,/hash-01/BenchmarkTest01165,header_self,,true
BenchmarkTest01166,hash-01,/hash-01/BenchmarkTest01166,header_self,,true
BenchmarkTest01167,hash-01,/hash-01/BenchmarkTest01167,header_self,,true
BenchmarkTest01168,hash-01,/hash-01/BenchmarkTest01168,header_self,,true
BenchmarkTest01169,hash-01,/hash-01/BenchmarkTest01169,header_self,,false
BenchmarkTest01170,hash-01,/hash-01/BenchmarkTest01170,header_self,,false
BenchmarkTest01171,xss-02,/xss-02/BenchmarkTest01171,header_other,Referer,true
BenchmarkTest01172,xss-02,/xss-02/BenchmarkTest01172,header_other,Referer,true
BenchmarkTest01173,xss-02,/xss-02/BenchmarkTest01173,header_other,Referer,true
BenchmarkTest01174,xss-02,/xss-02/BenchmarkTest01174,header_other,Referer,true
BenchmarkTest01175,xss-02,/xss-02/BenchmarkTest01175,header_other,Referer,false
BenchmarkTest01176,xss-02,/xss-02/BenchmarkTest01176,header_other,Referer,false
BenchmarkTest01177,xss-02,/xss-02/BenchmarkTest01177,header_other,Referer,true
BenchmarkTest01178,xss-02,/xss-02/BenchmarkTest01178,header_other,Referer,true
BenchmarkTest01179,xss-02,/xss-02/BenchmarkTest01179,header_other,Referer,true
BenchmarkTest01180,xss-02,/xss-02/BenchmarkTest01180,header_other,Referer,false
BenchmarkTest01181,xss-02,/xss-02/BenchmarkTest01181,header_other,Referer,true
BenchmarkTest01182,cmdi-01,/cmdi-01/BenchmarkTest01182,header_self,,false
BenchmarkTest01183,weakrand-02,/weakrand-02/BenchmarkTest01183,cookie,,true
BenchmarkTest01184,weakrand-02,/weakrand-02/BenchmarkTest01184,cookie,,true
BenchmarkTest01185,securecookie-00,/securecookie-00/BenchmarkTest01185,header_self,,true
BenchmarkTest01186,securecookie-00,/securecookie-00/BenchmarkTest01186,header_self,,true
BenchmarkTest01187,securecookie-00,/securecookie-00/BenchmarkTest01187,header_self,,true
BenchmarkTest01188,xss-02,/xss-02/BenchmarkTest01188,header_other,Referer,false
BenchmarkTest01189,cmdi-01,/cmdi-01/BenchmarkTest01189,header_self,,false
BenchmarkTest01190,cmdi-01,/cmdi-01/BenchmarkTest01190,header_self,,true
BenchmarkTest01191,cmdi-01,/cmdi-01/BenchmarkTest01191,header_self,,true
BenchmarkTest01192,cmdi-01,/cmdi-01/BenchmarkTest01192,header_self,,true
BenchmarkTest01193,cmdi-01,/cmdi-01/BenchmarkTest01193,header_self,,false
BenchmarkTest01194,cmdi-01,/cmdi-01/BenchmarkTest01194,header_self,,true
BenchmarkTest01195,weakrand-02,/weakrand-02/BenchmarkTest01195,cookie,,false
BenchmarkTest01196,weakrand-02,/weakrand-02/BenchmarkTest01196,cookie,,false
BenchmarkTest01197,weakrand-02,/weakrand-02/BenchmarkTest01197,cookie,,false
BenchmarkTest01198,weakrand-02,/weakrand-02/BenchmarkTest01198,cookie,,false
BenchmarkTest01199,weakrand-02,/weakrand-02/BenchmarkTest01199,cookie,,false
BenchmarkTest01200,weakrand-02,/weakrand-02/BenchmarkTest01200,cookie,,false
BenchmarkTest01201,weakrand-02,/weakrand-02/BenchmarkTest01201,cookie,,false
BenchmarkTest01202,weakrand-02,/weakrand-02/BenchmarkTest01202,cookie,,false
BenchmarkTest01203,trustbound-00,/trustbound-00/BenchmarkTest01203,header_self,,true
BenchmarkTest01204,trustbound-00,/trustbound-00/BenchmarkTest01204,header_self,,true
BenchmarkTest01205,trustbound-00,/trustbound-00/BenchmarkTest01205,header_self,,false
BenchmarkTest01206,trustbound-00,/trustbound-00/BenchmarkTest01206,header_self,,true
BenchmarkTest01207,trustbound-00,/trustbound-00/BenchmarkTest01207,header_self,,false
BenchmarkTest01208,sqli-02,/sqli-02/BenchmarkTest01208,header_self,,true
BenchmarkTest01209,sqli-02,/sqli-02/BenchmarkTest01209,header_self,,true
BenchmarkTest01210,sqli-02,/sqli-02/BenchmarkTest01210,header_self,,true
BenchmarkTest01211,sqli-02,/sqli-02/BenchmarkTest01211,header_self,,true
BenchmarkTest01212,sqli-02,/sqli-02/BenchmarkTest01212,header_self,,false
BenchmarkTest01213,sqli-02,/sqli-02/BenchmarkTest01213,header_self,,false
BenchmarkTest01214,sqli-02,/sqli-02/BenchmarkTest01214,header_self,,true
BenchmarkTest01215,sqli-02,/sqli-02/BenchmarkTest01215,header_self,,false
BenchmarkTest01216,sqli-02,/sqli-02/BenchmarkTest01216,header_self,,false
BenchmarkTest01217,sqli-02,/sqli-02/BenchmarkTest01217,header_self,,false
BenchmarkTest01218,sqli-02,/sqli-02/BenchmarkTest01218,header_self,,false
BenchmarkTest01219,sqli-02,/sqli-02/BenchmarkTest01219,header_self,,false
BenchmarkTest01220,sqli-02,/sqli-02/BenchmarkTest01220,header_self,,false
BenchmarkTest01221,sqli-02,/sqli-02/BenchmarkTest01221,header_self,,true
BenchmarkTest01222,sqli-02,/sqli-02/BenchmarkTest01222,header_self,,true
BenchmarkTest01223,xpathi-00,/xpathi-00/BenchmarkTest01223,header_self,,true
BenchmarkTest01224,xpathi-00,/xpathi-00/BenchmarkTest01224,header_self,,true
BenchmarkTest01225,xpathi-00,/xpathi-00/BenchmarkTest01225,header_self,,false
BenchmarkTest01226,crypto-01,/crypto-01/BenchmarkTest01226,param,,false
BenchmarkTest01227,crypto-01,/crypto-01/BenchmarkTest01227,param,,false
BenchmarkTest01228,crypto-01,/crypto-01/BenchmarkTest01228,param,,true
BenchmarkTest01229,crypto-01,/crypto-01/BenchmarkTest01229,param,,true
BenchmarkTest01230,crypto-01,/crypto-01/BenchmarkTest01230,param,,true
BenchmarkTest01231,pathtraver-01,/pathtraver-01/BenchmarkTest01231,param,,true
BenchmarkTest01232,pathtraver-01,/pathtraver-01/BenchmarkTest01232,param,,true
BenchmarkTest01233,pathtraver-01,/pathtraver-01/BenchmarkTest01233,param,,false
BenchmarkTest01234,pathtraver-01,/pathtraver-01/BenchmarkTest01234,param,,true
BenchmarkTest01235,pathtraver-01,/pathtraver-01/BenchmarkTest01235,param,,true
BenchmarkTest01236,pathtraver-01,/pathtraver-01/BenchmarkTest01236,param,,true
BenchmarkTest01237,pathtraver-01,/pathtraver-01/BenchmarkTest01237,param,,false
BenchmarkTest01238,pathtraver-01,/pathtraver-01/BenchmarkTest01238,param,,true
BenchmarkTest01239,pathtraver-01,/pathtraver-01/BenchmarkTest01239,param,,false
BenchmarkTest01240,pathtraver-01,/pathtraver-01/BenchmarkTest01240,param,,false
BenchmarkTest01241,ldapi-00,/ldapi-00/BenchmarkTest01241,param,,true
BenchmarkTest01242,ldapi-00,/ldapi-00/BenchmarkTest01242,param,,true
BenchmarkTest01243,ldapi-00,/ldapi-00/BenchmarkTest01243,param,,true
BenchmarkTest01244,hash-01,/hash-01/BenchmarkTest01244,param,,true
BenchmarkTest01245,hash-01,/hash-01/BenchmarkTest01245,param,,false
BenchmarkTest01246,hash-01,/hash-01/BenchmarkTest01246,param,,true
BenchmarkTest01247,hash-01,/hash-01/BenchmarkTest01247,param,,true
BenchmarkTest01248,hash-01,/hash-01/BenchmarkTest01248,param,,true
BenchmarkTest01249,hash-01,/hash-01/BenchmarkTest01249,param,,false
BenchmarkTest01250,hash-01,/hash-01/BenchmarkTest01250,param,,false
BenchmarkTest01251,xss-02,/xss-02/BenchmarkTest01251,param,,false
BenchmarkTest01252,xss-02,/xss-02/BenchmarkTest01252,param,,false
BenchmarkTest01253,xss-02,/xss-02/BenchmarkTest01253,param,,true
BenchmarkTest01254,xss-02,/xss-02/BenchmarkTest01254,param,,true
BenchmarkTest01255,xss-02,/xss-02/BenchmarkTest01255,param,,false
BenchmarkTest01256,xss-02,/xss-02/BenchmarkTest01256,param,,false
BenchmarkTest01257,xss-02,/xss-02/BenchmarkTest01257,param,,true
BenchmarkTest01258,xss-02,/xss-02/BenchmarkTest01258,param,,true
BenchmarkTest01259,xss-02,/xss-02/BenchmarkTest01259,param,,true
BenchmarkTest01260,xss-02,/xss-02/BenchmarkTest01260,param,,true
BenchmarkTest01261,xss-02,/xss-02/BenchmarkTest01261,param,,true
BenchmarkTest01262,xss-02,/xss-02/BenchmarkTest01262,param,,true
BenchmarkTest01263,xss-02,/xss-02/BenchmarkTest01263,param,,true
BenchmarkTest01264,xss-02,/xss-02/BenchmarkTest01264,param,,false
BenchmarkTest01265,xss-02,/xss-02/BenchmarkTest01265,param,,false
BenchmarkTest01266,xss-02,/xss-02/BenchmarkTest01266,param,,true
BenchmarkTest01267,xss-02,/xss-02/BenchmarkTest01267,param,,true
BenchmarkTest01268,xss-02,/xss-02/BenchmarkTest01268,param,,true
BenchmarkTest01269,cmdi-01,/cmdi-01/BenchmarkTest01269,param,,false
BenchmarkTest01270,cmdi-01,/cmdi-01/BenchmarkTest01270,param,,true
BenchmarkTest01271,weakrand-02,/weakrand-02/BenchmarkTest01271,cookie,,true
BenchmarkTest01272,weakrand-02,/weakrand-02/BenchmarkTest01272,cookie,,true
BenchmarkTest01273,weakrand-02,/weakrand-02/BenchmarkTest01273,cookie,,true
BenchmarkTest01274,weakrand-02,/weakrand-02/BenchmarkTest01274,cookie,,true
BenchmarkTest01275,weakrand-02,/weakrand-02/BenchmarkTest01275,cookie,,true
BenchmarkTest01276,weakrand-02,/weakrand-02/BenchmarkTest01276,cookie,,true
BenchmarkTest01277,weakrand-02,/weakrand-02/BenchmarkTest01277,cookie,,true
BenchmarkTest01278,weakrand-02,/weakrand-02/BenchmarkTest01278,cookie,,true
BenchmarkTest01279,weakrand-02,/weakrand-02/BenchmarkTest01279,cookie,,true
BenchmarkTest01280,securecookie-00,/securecookie-00/BenchmarkTest01280,param,,true
BenchmarkTest01281,securecookie-00,/securecookie-00/BenchmarkTest01281,param,,true
BenchmarkTest01282,securecookie-00,/securecookie-00/BenchmarkTest01282,param,,true
BenchmarkTest01283,securecookie-00,/securecookie-00/BenchmarkTest01283,param,,true
BenchmarkTest01284,xss-02,/xss-02/BenchmarkTest01284,param,,true
BenchmarkTest01285,cmdi-01,/cmdi-01/BenchmarkTest01285,param,,true
BenchmarkTest01286,cmdi-01,/cmdi-01/BenchmarkTest01286,param,,true
BenchmarkTest01287,cmdi-01,/cmdi-01/BenchmarkTest01287,param,,true
BenchmarkTest01288,cmdi-01,/cmdi-01/BenchmarkTest01288,param,,true
BenchmarkTest01289,cmdi-01,/cmdi-01/BenchmarkTest01289,param,,false
BenchmarkTest01290,cmdi-01,/cmdi-01/BenchmarkTest01290,param,,false
BenchmarkTest01291,weakrand-02,/weakrand-02/BenchmarkTest01291,cookie,,false
BenchmarkTest01292,weakrand-02,/weakrand-02/BenchmarkTest01292,cookie,,false
BenchmarkTest01293,weakrand-02,/weakrand-02/BenchmarkTest01293,cookie,,false
BenchmarkTest01294,weakrand-02,/weakrand-02/BenchmarkTest01294,cookie,,false
BenchmarkTest01295,weakrand-02,/weakrand-02/BenchmarkTest01295,cookie,,false
BenchmarkTest01296,weakrand-03,/weakrand-03/BenchmarkTest01296,cookie,,false
BenchmarkTest01297,weakrand-03,/weakrand-03/BenchmarkTest01297,cookie,,false
BenchmarkTest01298,weakrand-03,/weakrand-03/BenchmarkTest01298,cookie,,false
BenchmarkTest01299,trustbound-00,/trustbound-00/BenchmarkTest01299,param,,true
BenchmarkTest01300,trustbound-00,/trustbound-00/BenchmarkTest01300,param,,false
BenchmarkTest01301,sqli-02,/sqli-02/BenchmarkTest01301,param,,false
BenchmarkTest01302,sqli-02,/sqli-02/BenchmarkTest01302,param,,true
BenchmarkTest01303,sqli-02,/sqli-02/BenchmarkTest01303,param,,false
BenchmarkTest01304,sqli-02,/sqli-02/BenchmarkTest01304,param,,true
BenchmarkTest01305,sqli-02,/sqli-02/BenchmarkTest01305,param,,false
BenchmarkTest01306,sqli-02,/sqli-02/BenchmarkTest01306,param,,true
BenchmarkTest01307,sqli-02,/sqli-02/BenchmarkTest01307,param,,false
BenchmarkTest01308,sqli-02,/sqli-02/BenchmarkTest01308,param,,true
BenchmarkTest01309,sqli-02,/sqli-02/BenchmarkTest01309,param,,false
BenchmarkTest01310,sqli-02,/sqli-02/BenchmarkTest01310,param,,false
BenchmarkTest01311,sqli-02,/sqli-02/BenchmarkTest01311,param,,true
BenchmarkTest01312,sqli-02,/sqli-02/BenchmarkTest01312,param,,true
BenchmarkTest01313,sqli-02,/sqli-02/BenchmarkTest01313,param,,true
BenchmarkTest01314,sqli-02,/sqli-02/BenchmarkTest01314,param,,true
BenchmarkTest01315,sqli-02,/sqli-02/BenchmarkTest01315,param,,false
BenchmarkTest01316,xpathi-00,/xpathi-00/BenchmarkTest01316,param,,true
BenchmarkTest01317,crypto-01,/crypto-01/BenchmarkTest01317,param,,true
BenchmarkTest01318,crypto-01,/crypto-01/BenchmarkTest01318,param,,true
BenchmarkTest01319,crypto-01,/crypto-01/BenchmarkTest01319,param,,false
BenchmarkTest01320,crypto-01,/crypto-01/BenchmarkTest01320,param,,true
BenchmarkTest01321,crypto-01,/crypto-01/BenchmarkTest01321,param,,false
BenchmarkTest01322,crypto-01,/crypto-01/BenchmarkTest01322,param,,true
BenchmarkTest01323,crypto-01,/crypto-01/BenchmarkTest01323,param,,true
BenchmarkTest01324,crypto-01,/crypto-01/BenchmarkTest01324,param,,false
BenchmarkTest01325,crypto-01,/crypto-01/BenchmarkTest01325,param,,true
BenchmarkTest01326,ldapi-00,/ldapi-00/BenchmarkTest01326,param,,true
BenchmarkTest01327,ldapi-00,/ldapi-00/BenchmarkTest01327,param,,false
BenchmarkTest01328,pathtraver-01,/pathtraver-01/BenchmarkTest01328,param,,false
BenchmarkTest01329,pathtraver-01,/pathtraver-01/BenchmarkTest01329,param,,true
BenchmarkTest01330,pathtraver-01,/pathtraver-01/BenchmarkTest01330,param,,true
BenchmarkTest01331,pathtraver-01,/pathtraver-01/BenchmarkTest01331,param,,false
BenchmarkTest01332,hash-01,/hash-01/BenchmarkTest01332,param,,false
BenchmarkTest01333,hash-01,/hash-01/BenchmarkTest01333,param,,true
BenchmarkTest01334,hash-01,/hash-01/BenchmarkTest01334,param,,true
BenchmarkTest01335,xss-02,/xss-02/BenchmarkTest01335,param,,true
BenchmarkTest01336,xss-02,/xss-02/BenchmarkTest01336,param,,false
BenchmarkTest01337,xss-02,/xss-02/BenchmarkTest01337,param,,true
BenchmarkTest01338,xss-02,/xss-02/BenchmarkTest01338,param,,false
BenchmarkTest01339,xss-02,/xss-02/BenchmarkTest01339,param,,false
BenchmarkTest01340,xss-02,/xss-02/BenchmarkTest01340,param,,false
BenchmarkTest01341,xss-02,/xss-02/BenchmarkTest01341,param,,false
BenchmarkTest01342,xss-02,/xss-02/BenchmarkTest01342,param,,false
BenchmarkTest01343,xss-02,/xss-02/BenchmarkTest01343,param,,false
BenchmarkTest01344,xss-02,/xss-02/BenchmarkTest01344,param,,false
BenchmarkTest01345,xss-02,/xss-02/BenchmarkTest01345,param,,false
BenchmarkTest01346,xss-02,/xss-02/BenchmarkTest01346,param,,true
BenchmarkTest01347,xss-02,/xss-02/BenchmarkTest01347,param,,true
BenchmarkTest01348,xss-02,/xss-02/BenchmarkTest01348,param,,false
BenchmarkTest01349,xss-02,/xss-02/BenchmarkTest01349,param,,true
BenchmarkTest01350,xss-02,/xss-02/BenchmarkTest01350,param,,true
BenchmarkTest01351,xss-02,/xss-02/BenchmarkTest01351,param,,false
BenchmarkTest01352,xss-02,/xss-02/BenchmarkTest01352,param,,false
BenchmarkTest01353,cmdi-01,/cmdi-01/BenchmarkTest01353,param,,false
BenchmarkTest01354,weakrand-03,/weakrand-03/BenchmarkTest01354,cookie,,true
BenchmarkTest01355,weakrand-03,/weakrand-03/BenchmarkTest01355,cookie,,true
BenchmarkTest01356,weakrand-03,/weakrand-03/BenchmarkTest01356,cookie,,true
BenchmarkTest01357,weakrand-03,/weakrand-03/BenchmarkTest01357,cookie,,true
BenchmarkTest01358,weakrand-03,/weakrand-03/BenchmarkTest01358,cookie,,true
BenchmarkTest01359,securecookie-00,/securecookie-00/BenchmarkTest01359,param,,false
BenchmarkTest01360,cmdi-01,/cmdi-01/BenchmarkTest01360,param,,true
BenchmarkTest01361,cmdi-01,/cmdi-01/BenchmarkTest01361,param,,true
BenchmarkTest01362,cmdi-01,/cmdi-01/BenchmarkTest01362,param,,true
BenchmarkTest01363,cmdi-01,/cmdi-01/BenchmarkTest01363,param,,true
BenchmarkTest01364,cmdi-01,/cmdi-01/BenchmarkTest01364,param,,false
BenchmarkTest01365,cmdi-01,/cmdi-01/BenchmarkTest01365,param,,false
BenchmarkTest01366,weakrand-03,/weakrand-03/BenchmarkTest01366,cookie,,false
BenchmarkTest01367,weakrand-03,/weakrand-03/BenchmarkTest01367,cookie,,false
BenchmarkTest01368,weakrand-03,/weakrand-03/BenchmarkTest01368,cookie,,false
BenchmarkTest01369,weakrand-03,/weakrand-03/BenchmarkTest01369,cookie,,false
BenchmarkTest01370,weakrand-03,/weakrand-03/BenchmarkTest01370,cookie,,false
BenchmarkTest01371,weakrand-03,/weakrand-03/BenchmarkTest01371,cookie,,false
BenchmarkTest01372,weakrand-03,/weakrand-03/BenchmarkTest01372,cookie,,false
BenchmarkTest01373,weakrand-03,/weakrand-03/BenchmarkTest01373,cookie,,false
BenchmarkTest01374,trustbound-00,/trustbound-00/BenchmarkTest01374,param,,true
BenchmarkTest01375,trustbound-00,/trustbound-00/BenchmarkTest01375,param,,true
BenchmarkTest01376,trustbound-00,/trustbound-00/BenchmarkTest01376,param,,true
BenchmarkTest01377,trustbound-00,/trustbound-00/BenchmarkTest01377,param,,false
BenchmarkTest01378,sqli-02,/sqli-02/BenchmarkTest01378,param,,false
BenchmarkTest01379,sqli-02,/sqli-02/BenchmarkTest01379,param,,true
BenchmarkTest01380,sqli-02,/sqli-02/BenchmarkTest01380,param,,false
BenchmarkTest01381,sqli-02,/sqli-02/BenchmarkTest01381,param,,true
BenchmarkTest01382,sqli-02,/sqli-02/BenchmarkTest01382,param,,true
BenchmarkTest01383,sqli-02,/sqli-02/BenchmarkTest01383,param,,true
BenchmarkTest01384,sqli-02,/sqli-02/BenchmarkTest01384,param,,true
BenchmarkTest01385,sqli-02,/sqli-02/BenchmarkTest01385,param,,false
BenchmarkTest01386,sqli-02,/sqli-02/BenchmarkTest01386,param,,false
BenchmarkTest01387,sqli-02,/sqli-02/BenchmarkTest01387,param,,false
BenchmarkTest01388,sqli-02,/sqli-02/BenchmarkTest01388,param,,true
BenchmarkTest01389,sqli-02,/sqli-02/BenchmarkTest01389,param,,false
BenchmarkTest01390,sqli-03,/sqli-03/BenchmarkTest01390,param,,true
BenchmarkTest01391,sqli-03,/sqli-03/BenchmarkTest01391,param,,true
BenchmarkTest01392,sqli-03,/sqli-03/BenchmarkTest01392,param,,false
BenchmarkTest01393,sqli-03,/sqli-03/BenchmarkTest01393,param,,false
BenchmarkTest01394,sqli-03,/sqli-03/BenchmarkTest01394,param,,true
BenchmarkTest01395,sqli-03,/sqli-03/BenchmarkTest01395,param,,true
BenchmarkTest01396,sqli-03,/sqli-03/BenchmarkTest01396,param,,true
BenchmarkTest01397,xpathi-00,/xpathi-00/BenchmarkTest01397,param,,false
BenchmarkTest01398,crypto-01,/crypto-01/BenchmarkTest01398,param_name,,true
BenchmarkTest01399,crypto-01,/crypto-01/BenchmarkTest01399,param_name,,false
BenchmarkTest01400,crypto-01,/crypto-01/BenchmarkTest01400,param_name,,false
BenchmarkTest01401,crypto-01,/crypto-01/BenchmarkTest01401,param_name,,false
BenchmarkTest01402,ldapi-00,/ldapi-00/BenchmarkTest01402,param_name,,false
BenchmarkTest01403,pathtraver-01,/pathtraver-01/BenchmarkTest01403,param_name,,true
BenchmarkTest01404,pathtraver-01,/pathtraver-01/BenchmarkTest01404,param_name,,false
BenchmarkTest01405,pathtraver-01,/pathtraver-01/BenchmarkTest01405,param_name,,true
BenchmarkTest01406,pathtraver-01,/pathtraver-01/BenchmarkTest01406,param_name,,false
BenchmarkTest01407,pathtraver-01,/pathtraver-01/BenchmarkTest01407,param_name,,false
BenchmarkTest01408,pathtraver-01,/pathtraver-01/BenchmarkTest01408,param_name,,true
BenchmarkTest01409,pathtraver-01,/pathtraver-01/BenchmarkTest01409,param_name,,false
BenchmarkTest01410,hash-01,/hash-01/BenchmarkTest01410,param_name,,false
BenchmarkTest01411,hash-01,/hash-01/BenchmarkTest01411,param_name,,true
BenchmarkTest01412,hash-01,/hash-01/BenchmarkTest01412,param_name,,false
BenchmarkTest01413,hash-01,/hash-01/BenchmarkTest01413,param_name,,false
BenchmarkTest01414,hash-01,/hash-01/BenchmarkTest01414,param_name,,true
BenchmarkTest01415,hash-01,/hash-01/BenchmarkTest01415,param_name,,true
BenchmarkTest01416,hash-01,/hash-01/BenchmarkTest01416,param_name,,true
BenchmarkTest01417,xss-02,/xss-02/BenchmarkTest01417,param_name,,true
BenchmarkTest01418,xss-02,/xss-02/BenchmarkTest01418,param_name,,true
BenchmarkTest01419,xss-02,/xss-02/BenchmarkTest01419,param_name,,false
BenchmarkTest01420,xss-02,/xss-02/BenchmarkTest01420,param_name,,false
BenchmarkTest01421,xss-02,/xss-02/BenchmarkTest01421,param_name,,false
BenchmarkTest01422,xss-02,/xss-02/BenchmarkTest01422,param_name,,false
BenchmarkTest01423,xss-02,/xss-02/BenchmarkTest01423,param_name,,true
BenchmarkTest01424,xss-02,/xss-02/BenchmarkTest01424,param_name,,true
BenchmarkTest01425,xss-02,/xss-02/BenchmarkTest01425,param_name,,false
BenchmarkTest01426,xss-02,/xss-02/BenchmarkTest01426,param_name,,true
BenchmarkTest01427,xss-02,/xss-02/BenchmarkTest01427,param_name,,true
BenchmarkTest01428,xss-02,/xss-02/BenchmarkTest01428,param_name,,true
BenchmarkTest01429,xss-02,/xss-02/BenchmarkTest01429,param_name,,true
BenchmarkTest01430,cmdi-01,/cmdi-01/BenchmarkTest01430,param_name,,true
BenchmarkTest01431,weakrand-03,/weakrand-03/BenchmarkTest01431,cookie,,true
BenchmarkTest01432,weakrand-03,/weakrand-03/BenchmarkTest01432,cookie,,true
BenchmarkTest01433,weakrand-03,/weakrand-03/BenchmarkTest01433,cookie,,true
BenchmarkTest01434,weakrand-03,/weakrand-03/BenchmarkTest01434,cookie,,true
BenchmarkTest01435,weakrand-03,/weakrand-03/BenchmarkTest01435,cookie,,true
BenchmarkTest01436,securecookie-00,/securecookie-00/BenchmarkTest01436,param_name,,false
BenchmarkTest01437,xss-02,/xss-02/BenchmarkTest01437,param_name,,true
BenchmarkTest01438,xss-02,/xss-02/BenchmarkTest01438,param_name,,true
BenchmarkTest01439,xss-02,/xss-02/BenchmarkTest01439,param_name,,false
BenchmarkTest01440,cmdi-01,/cmdi-01/BenchmarkTest01440,param_name,,false
BenchmarkTest01441,cmdi-01,/cmdi-01/BenchmarkTest01441,param_name,,true
BenchmarkTest01442,cmdi-01,/cmdi-01/BenchmarkTest01442,param_name,,true
BenchmarkTest01443,cmdi-01,/cmdi-01/BenchmarkTest01443,param_name,,false
BenchmarkTest01444,cmdi-01,/cmdi-01/BenchmarkTest01444,param_name,,false
BenchmarkTest01445,cmdi-01,/cmdi-01/BenchmarkTest01445,param_name,,false
BenchmarkTest01446,cmdi-01,/cmdi-01/BenchmarkTest01446,param_name,,true
BenchmarkTest01447,weakrand-03,/weakrand-03/BenchmarkTest01447,cookie,,false
BenchmarkTest01448,weakrand-03,/weakrand-03/BenchmarkTest01448,cookie,,false
BenchmarkTest01449,weakrand-03,/weakrand-03/BenchmarkTest01449,cookie,,false
BenchmarkTest01450,weakrand-03,/weakrand-03/BenchmarkTest01450,cookie,,false
BenchmarkTest01451,weakrand-03,/weakrand-03/BenchmarkTest01451,cookie,,false
BenchmarkTest01452,weakrand-03,/weakrand-03/BenchmarkTest01452,cookie,,false
BenchmarkTest01453,weakrand-03,/weakrand-03/BenchmarkTest01453,cookie,,false
BenchmarkTest01454,trustbound-00,/trustbound-00/BenchmarkTest01454,param_name,,false
BenchmarkTest01455,trustbound-00,/trustbound-00/BenchmarkTest01455,param_name,,true
BenchmarkTest01456,trustbound-00,/trustbound-00/BenchmarkTest01456,param_name,,true
BenchmarkTest01457,trustbound-00,/trustbound-00/BenchmarkTest01457,param_name,,true
BenchmarkTest01458,trustbound-00,/trustbound-00/BenchmarkTest01458,param_name,,true
BenchmarkTest01459,sqli-03,/sqli-03/BenchmarkTest01459,param_name,,false
BenchmarkTest01460,sqli-03,/sqli-03/BenchmarkTest01460,param_name,,true
BenchmarkTest01461,sqli-03,/sqli-03/BenchmarkTest01461,param_name,,false
BenchmarkTest01462,sqli-03,/sqli-03/BenchmarkTest01462,param_name,,true
BenchmarkTest01463,sqli-03,/sqli-03/BenchmarkTest01463,param_name,,true
BenchmarkTest01464,sqli-03,/sqli-03/BenchmarkTest01464,param_name,,true
BenchmarkTest01465,sqli-03,/sqli-03/BenchmarkTest01465,param_name,,true
BenchmarkTest01466,sqli-03,/sqli-03/BenchmarkTest01466,param_name,,true
BenchmarkTest01467,sqli-03,/sqli-03/BenchmarkTest01467,param_name,,false
BenchmarkTest01468,sqli-03,/sqli-03/BenchmarkTest01468,param_name,,false
BenchmarkTest01469,sqli-03,/sqli-03/BenchmarkTest01469,param_name,,false
BenchmarkTest01470,sqli-03,/sqli-03/BenchmarkTest01470,param_name,,true
BenchmarkTest01471,sqli-03,/sqli-03/BenchmarkTest01471,param_name,,true
BenchmarkTest01472,sqli-03,/sqli-03/BenchmarkTest01472,param_name,,false
BenchmarkTest01473,sqli-03,/sqli-03/BenchmarkTest01473,param_name,,true
BenchmarkTest01474,sqli-03,/sqli-03/BenchmarkTest01474,param_name,,true
BenchmarkTest01475,sqli-03,/sqli-03/BenchmarkTest01475,param_name,,true
BenchmarkTest01476,sqli-03,/sqli-03/BenchmarkTest01476,param_name,,true
BenchmarkTest01477,sqli-03,/sqli-03/BenchmarkTest01477,param_name,,true
BenchmarkTest01478,xpathi-00,/xpathi-00/BenchmarkTest01478,param_name,,true
BenchmarkTest01479,xpathi-00,/xpathi-00/BenchmarkTest01479,param_name,,false
BenchmarkTest01480,crypto-01,/crypto-01/BenchmarkTest01480,param,,true
BenchmarkTest01481,crypto-01,/crypto-01/BenchmarkTest01481,param,,false
BenchmarkTest01482,crypto-01,/crypto-01/BenchmarkTest01482,param,,false
BenchmarkTest01483,crypto-01,/crypto-01/BenchmarkTest01483,param,,true
BenchmarkTest01484,crypto-01,/crypto-01/BenchmarkTest01484,param,,true
BenchmarkTest01485,crypto-01,/crypto-01/BenchmarkTest01485,param,,false
BenchmarkTest01486,crypto-01,/crypto-01/BenchmarkTest01486,param,,true
BenchmarkTest01487,crypto-01,/crypto-01/BenchmarkTest01487,param,,false
BenchmarkTest01488,crypto-01,/crypto-01/BenchmarkTest01488,param,,false
BenchmarkTest01489,crypto-01,/crypto-01/BenchmarkTest01489,param,,true
BenchmarkTest01490,ldapi-00,/ldapi-00/BenchmarkTest01490,param,,true
BenchmarkTest01491,ldapi-00,/ldapi-00/BenchmarkTest01491,param,,false
BenchmarkTest01492,ldapi-00,/ldapi-00/BenchmarkTest01492,param,,false
BenchmarkTest01493,pathtraver-01,/pathtraver-01/BenchmarkTest01493,param,,false
BenchmarkTest01494,pathtraver-01,/pathtraver-01/BenchmarkTest01494,param,,true
BenchmarkTest01495,pathtraver-01,/pathtraver-01/BenchmarkTest01495,param,,true
BenchmarkTest01496,pathtraver-01,/pathtraver-01/BenchmarkTest01496,param,,true
BenchmarkTest01497,pathtraver-01,/pathtraver-01/BenchmarkTest01497,param,,true
BenchmarkTest01498,pathtraver-01,/pathtraver-01/BenchmarkTest01498,param,,true
BenchmarkTest01499,pathtraver-01,/pathtraver-01/BenchmarkTest01499,param,,false
BenchmarkTest01500,pathtraver-01,/pathtraver-01/BenchmarkTest01500,param,,true
BenchmarkTest01501,ldapi-00,/ldapi-00/BenchmarkTest01501,param,,true
BenchmarkTest01502,weakrand-03,/weakrand-03/BenchmarkTest01502,cookie,,true
BenchmarkTest01503,hash-01,/hash-01/BenchmarkTest01503,param,,true
BenchmarkTest01504,hash-01,/hash-01/BenchmarkTest01504,param,,true
BenchmarkTest01505,xss-02,/xss-02/BenchmarkTest01505,param,,true
BenchmarkTest01506,xss-02,/xss-02/BenchmarkTest01506,param,,true
BenchmarkTest01507,xss-02,/xss-02/BenchmarkTest01507,param,,true
BenchmarkTest01508,xss-02,/xss-02/BenchmarkTest01508,param,,false
BenchmarkTest01509,xss-03,/xss-03/BenchmarkTest01509,param,,true
BenchmarkTest01510,xss-03,/xss-03/BenchmarkTest01510,param,,true
BenchmarkTest01511,xss-03,/xss-03/BenchmarkTest01511,param,,true
BenchmarkTest01512,xss-03,/xss-03/BenchmarkTest01512,param,,true
BenchmarkTest01513,xss-03,/xss-03/BenchmarkTest01513,param,,false
BenchmarkTest01514,xss-03,/xss-03/BenchmarkTest01514,param,,false
BenchmarkTest01515,xss-03,/xss-03/BenchmarkTest01515,param,,false
BenchmarkTest01516,cmdi-01,/cmdi-01/BenchmarkTest01516,param,,false
BenchmarkTest01517,cmdi-01,/cmdi-01/BenchmarkTest01517,param,,true
BenchmarkTest01518,weakrand-03,/weakrand-03/BenchmarkTest01518,cookie,,true
BenchmarkTest01519,weakrand-03,/weakrand-03/BenchmarkTest01519,cookie,,true
BenchmarkTest01520,weakrand-03,/weakrand-03/BenchmarkTest01520,cookie,,true
BenchmarkTest01521,securecookie-00,/securecookie-00/BenchmarkTest01521,param,,true
BenchmarkTest01522,securecookie-00,/securecookie-00/BenchmarkTest01522,param,,false
BenchmarkTest01523,securecookie-00,/securecookie-00/BenchmarkTest01523,param,,false
BenchmarkTest01524,securecookie-00,/securecookie-00/BenchmarkTest01524,param,,false
BenchmarkTest01525,xss-03,/xss-03/BenchmarkTest01525,param,,true
BenchmarkTest01526,cmdi-01,/cmdi-01/BenchmarkTest01526,param,,false
BenchmarkTest01527,cmdi-01,/cmdi-01/BenchmarkTest01527,param,,false
BenchmarkTest01528,cmdi-01,/cmdi-01/BenchmarkTest01528,param,,false
BenchmarkTest01529,cmdi-01,/cmdi-01/BenchmarkTest01529,param,,false
BenchmarkTest01530,cmdi-01,/cmdi-01/BenchmarkTest01530,param,,false
BenchmarkTest01531,cmdi-01,/cmdi-01/BenchmarkTest01531,param,,true
BenchmarkTest01532,cmdi-01,/cmdi-01/BenchmarkTest01532,param,,false
BenchmarkTest01533,cmdi-01,/cmdi-01/BenchmarkTest01533,param,,true
BenchmarkTest01534,weakrand-03,/weakrand-03/BenchmarkTest01534,cookie,,false
BenchmarkTest01535,weakrand-03,/weakrand-03/BenchmarkTest01535,cookie,,false
BenchmarkTest01536,weakrand-03,/weakrand-03/BenchmarkTest01536,cookie,,false
BenchmarkTest01537,weakrand-03,/weakrand-03/BenchmarkTest01537,cookie,,false
BenchmarkTest01538,weakrand-03,/weakrand-03/BenchmarkTest01538,cookie,,false
BenchmarkTest01539,weakrand-03,/weakrand-03/BenchmarkTest01539,cookie,,false
BenchmarkTest01540,weakrand-03,/weakrand-03/BenchmarkTest01540,cookie,,false
BenchmarkTest01541,weakrand-03,/weakrand-03/BenchmarkTest01541,cookie,,false
BenchmarkTest01542,weakrand-03,/weakrand-03/BenchmarkTest01542,cookie,,false
BenchmarkTest01543,weakrand-03,/weakrand-03/BenchmarkTest01543,cookie,,false
BenchmarkTest01544,weakrand-03,/weakrand-03/BenchmarkTest01544,cookie,,false
BenchmarkTest01545,weakrand-03,/weakrand-03/BenchmarkTest01545,cookie,,false
BenchmarkTest01546,trustbound-00,/trustbound-00/BenchmarkTest01546,param,,true
BenchmarkTest01547,trustbound-00,/trustbound-00/BenchmarkTest01547,param,,true
BenchmarkTest01548,trustbound-00,/trustbound-00/BenchmarkTest01548,param,,true
BenchmarkTest01549,trustbound-00,/trustbound-00/BenchmarkTest01549,param,,true
BenchmarkTest01550,trustbound-00,/trustbound-00/BenchmarkTest01550,param,,true
BenchmarkTest01551,trustbound-00,/trustbound-00/BenchmarkTest01551,param,,true
BenchmarkTest01552,sqli-03,/sqli-03/BenchmarkTest01552,param,,true
BenchmarkTest01553,sqli-03,/sqli-03/BenchmarkTest01553,param,,false
BenchmarkTest01554,sqli-03,/sqli-03/BenchmarkTest01554,param,,true
BenchmarkTest01555,sqli-03,/sqli-03/BenchmarkTest01555,param,,false
BenchmarkTest01556,sqli-03,/sqli-03/BenchmarkTest01556,param,,false
BenchmarkTest01557,sqli-03,/sqli-03/BenchmarkTest01557,param,,true
BenchmarkTest01558,sqli-03,/sqli-03/BenchmarkTest01558,param,,true
BenchmarkTest01559,sqli-03,/sqli-03/BenchmarkTest01559,param,,true
BenchmarkTest01560,sqli-03,/sqli-03/BenchmarkTest01560,param,,true
BenchmarkTest01561,xpathi-00,/xpathi-00/BenchmarkTest01561,param,,true
BenchmarkTest01562,xpathi-00,/xpathi-00/BenchmarkTest01562,param,,false
BenchmarkTest01563,crypto-01,/crypto-01/BenchmarkTest01563,param,,false
BenchmarkTest01564,crypto-01,/crypto-01/BenchmarkTest01564,param,,false
BenchmarkTest01565,crypto-01,/crypto-01/BenchmarkTest01565,param,,true
BenchmarkTest01566,crypto-01,/crypto-01/BenchmarkTest01566,param,,true
BenchmarkTest01567,crypto-01,/crypto-01/BenchmarkTest01567,param,,false
BenchmarkTest01568,ldapi-00,/ldapi-00/BenchmarkTest01568,param,,true
BenchmarkTest01569,ldapi-00,/ldapi-00/BenchmarkTest01569,param,,false
BenchmarkTest01570,pathtraver-01,/pathtraver-01/BenchmarkTest01570,param,,false
BenchmarkTest01571,pathtraver-01,/pathtraver-01/BenchmarkTest01571,param,,true
BenchmarkTest01572,pathtraver-01,/pathtraver-01/BenchmarkTest01572,param,,true
BenchmarkTest01573,pathtraver-01,/pathtraver-01/BenchmarkTest01573,param,,false
BenchmarkTest01574,pathtraver-01,/pathtraver-01/BenchmarkTest01574,param,,false
BenchmarkTest01575,weakrand-03,/weakrand-03/BenchmarkTest01575,cookie,,true
BenchmarkTest01576,hash-01,/hash-01/BenchmarkTest01576,param,,false
BenchmarkTest01577,hash-01,/hash-01/BenchmarkTest01577,param,,true
BenchmarkTest01578,hash-01,/hash-01/BenchmarkTest01578,param,,false
BenchmarkTest01579,hash-01,/hash-01/BenchmarkTest01579,param,,true
BenchmarkTest01580,hash-01,/hash-01/BenchmarkTest01580,param,,true
BenchmarkTest01581,hash-01,/hash-01/BenchmarkTest01581,param,,false
BenchmarkTest01582,hash-01,/hash-01/BenchmarkTest01582,param,,false
BenchmarkTest01583,xss-03,/xss-03/BenchmarkTest01583,param,,true
BenchmarkTest01584,xss-03,/xss-03/BenchmarkTest01584,param,,true
BenchmarkTest01585,xss-03,/xss-03/BenchmarkTest01585,param,,false
BenchmarkTest01586,xss-03,/xss-03/BenchmarkTest01586,param,,false
BenchmarkTest01587,xss-03,/xss-03/BenchmarkTest01587,param,,true
BenchmarkTest01588,xss-03,/xss-03/BenchmarkTest01588,param,,false
BenchmarkTest01589,xss-03,/xss-03/BenchmarkTest01589,param,,true
BenchmarkTest01590,xss-03,/xss-03/BenchmarkTest01590,param,,true
BenchmarkTest01591,xss-03,/xss-03/BenchmarkTest01591,param,,false
BenchmarkTest01592,xss-03,/xss-03/BenchmarkTest01592,param,,true
BenchmarkTest01593,xss-03,/xss-03/BenchmarkTest01593,param,,false
BenchmarkTest01594,xss-03,/xss-03/BenchmarkTest01594,param,,true
BenchmarkTest01595,xss-03,/xss-03/BenchmarkTest01595,param,,false
BenchmarkTest01596,xss-03,/xss-03/BenchmarkTest01596,param,,true
BenchmarkTest01597,xss-03,/xss-03/BenchmarkTest01597,param,,true
BenchmarkTest01598,xss-03,/xss-03/BenchmarkTest01598,param,,true
BenchmarkTest01599,xss-03,/xss-03/BenchmarkTest01599,param,,false
BenchmarkTest01600,cmdi-01,/cmdi-01/BenchmarkTest01600,param,,false
BenchmarkTest01601,cmdi-01,/cmdi-01/BenchmarkTest01601,param,,true
BenchmarkTest01602,weakrand-03,/weakrand-03/BenchmarkTest01602,cookie,,true
BenchmarkTest01603,weakrand-03,/weakrand-03/BenchmarkTest01603,cookie,,true
BenchmarkTest01604,securecookie-00,/securecookie-00/BenchmarkTest01604,param,,false
BenchmarkTest01605,securecookie-00,/securecookie-00/BenchmarkTest01605,param,,false
BenchmarkTest01606,cmdi-01,/cmdi-01/BenchmarkTest01606,param,,false
BenchmarkTest01607,cmdi-01,/cmdi-01/BenchmarkTest01607,param,,false
BenchmarkTest01608,cmdi-01,/cmdi-01/BenchmarkTest01608,param,,false
BenchmarkTest01609,cmdi-01,/cmdi-01/BenchmarkTest01609,param,,true
BenchmarkTest01610,cmdi-01,/cmdi-01/BenchmarkTest01610,param,,true
BenchmarkTest01611,weakrand-03,/weakrand-03/BenchmarkTest01611,cookie,,false
BenchmarkTest01612,weakrand-03,/weakrand-03/BenchmarkTest01612,cookie,,false
BenchmarkTest01613,weakrand-03,/weakrand-03/BenchmarkTest01613,cookie,,false
BenchmarkTest01614,weakrand-03,/weakrand-03/BenchmarkTest01614,cookie,,false
BenchmarkTest01615,trustbound-00,/trustbound-00/BenchmarkTest01615,param,,true
BenchmarkTest01616,trustbound-00,/trustbound-00/BenchmarkTest01616,param,,true
BenchmarkTest01617,trustbound-00,/trustbound-00/BenchmarkTest01617,param,,true
BenchmarkTest01618,trustbound-00,/trustbound-00/BenchmarkTest01618,param,,true
BenchmarkTest01619,trustbound-01,/trustbound-01/BenchmarkTest01619,param,,true
BenchmarkTest01620,sqli-03,/sqli-03/BenchmarkTest01620,param,,true
BenchmarkTest01621,sqli-03,/sqli-03/BenchmarkTest01621,param,,true
BenchmarkTest01622,sqli-03,/sqli-03/BenchmarkTest01622,param,,false
BenchmarkTest01623,sqli-03,/sqli-03/BenchmarkTest01623,param,,true
BenchmarkTest01624,sqli-03,/sqli-03/BenchmarkTest01624,param,,true
BenchmarkTest01625,sqli-03,/sqli-03/BenchmarkTest01625,param,,true
BenchmarkTest01626,sqli-03,/sqli-03/BenchmarkTest01626,param,,true
BenchmarkTest01627,sqli-03,/sqli-03/BenchmarkTest01627,param,,true
BenchmarkTest01628,sqli-03,/sqli-03/BenchmarkTest01628,param,,false
BenchmarkTest01629,sqli-03,/sqli-03/BenchmarkTest01629,param,,false
BenchmarkTest01630,sqli-03,/sqli-03/BenchmarkTest01630,param,,true
BenchmarkTest01631,sqli-03,/sqli-03/BenchmarkTest01631,param,,true
BenchmarkTest01632,xpathi-00,/xpathi-00/BenchmarkTest01632,param,,false
BenchmarkTest01633,xpathi-00,/xpathi-00/BenchmarkTest01633,param,,false
BenchmarkTest01634,crypto-02,/crypto-02/BenchmarkTest01634,param,,true
BenchmarkTest01635,crypto-02,/crypto-02/BenchmarkTest01635,param,,false
BenchmarkTest01636,crypto-02,/crypto-02/BenchmarkTest01636,param,,false
BenchmarkTest01637,crypto-02,/crypto-02/BenchmarkTest01637,param,,true
BenchmarkTest01638,crypto-02,/crypto-02/BenchmarkTest01638,param,,true
BenchmarkTest01639,crypto-02,/crypto-02/BenchmarkTest01639,param,,true
BenchmarkTest01640,crypto-02,/crypto-02/BenchmarkTest01640,param,,false
BenchmarkTest01641,crypto-02,/crypto-02/BenchmarkTest01641,param,,true
BenchmarkTest01642,pathtraver-01,/pathtraver-01/BenchmarkTest01642,param,,true
BenchmarkTest01643,pathtraver-01,/pathtraver-01/BenchmarkTest01643,param,,true
BenchmarkTest01644,pathtraver-01,/pathtraver-01/BenchmarkTest01644,param,,false
BenchmarkTest01645,pathtraver-01,/pathtraver-01/BenchmarkTest01645,param,,true
BenchmarkTest01646,pathtraver-01,/pathtraver-01/BenchmarkTest01646,param,,false
BenchmarkTest01647,pathtraver-02,/pathtraver-02/BenchmarkTest01647,param,,true
BenchmarkTest01648,weakrand-03,/weakrand-03/BenchmarkTest01648,cookie,,true
BenchmarkTest01649,hash-01,/hash-01/BenchmarkTest01649,param,,true
BenchmarkTest01650,hash-01,/hash-01/BenchmarkTest01650,param,,true
BenchmarkTest01651,hash-01,/hash-01/BenchmarkTest01651,param,,true
BenchmarkTest01652,hash-01,/hash-01/BenchmarkTest01652,param,,false
BenchmarkTest01653,hash-01,/hash-01/BenchmarkTest01653,param,,true
BenchmarkTest01654,hash-01,/hash-01/BenchmarkTest01654,param,,true
BenchmarkTest01655,hash-01,/hash-01/BenchmarkTest01655,param,,false
BenchmarkTest01656,hash-01,/hash-01/BenchmarkTest01656,param,,false
BenchmarkTest01657,xss-03,/xss-03/BenchmarkTest01657,param,,true
BenchmarkTest01658,xss-03,/xss-03/BenchmarkTest01658,param,,true
BenchmarkTest01659,xss-03,/xss-03/BenchmarkTest01659,param,,false
BenchmarkTest01660,xss-03,/xss-03/BenchmarkTest01660,param,,true
BenchmarkTest01661,xss-03,/xss-03/BenchmarkTest01661,param,,false
BenchmarkTest01662,xss-03,/xss-03/BenchmarkTest01662,param,,true
BenchmarkTest01663,xss-03,/xss-03/BenchmarkTest01663,param,,false
BenchmarkTest01664,xss-03,/xss-03/BenchmarkTest01664,param,,false
BenchmarkTest01665,xss-03,/xss-03/BenchmarkTest01665,param,,true
BenchmarkTest01666,xss-03,/xss-03/BenchmarkTest01666,param,,true
BenchmarkTest01667,xss-03,/xss-03/BenchmarkTest01667,param,,true
BenchmarkTest01668,xss-03,/xss-03/BenchmarkTest01668,param,,false
BenchmarkTest01669,xss-03,/xss-03/BenchmarkTest01669,param,,false
BenchmarkTest01670,xss-03,/xss-03/BenchmarkTest01670,param,,true
BenchmarkTest01671,xss-03,/xss-03/BenchmarkTest01671,param,,false
BenchmarkTest01672,cmdi-01,/cmdi-01/BenchmarkTest01672,param,,false
BenchmarkTest01673,cmdi-01,/cmdi-01/BenchmarkTest01673,param,,true
BenchmarkTest01674,cmdi-01,/cmdi-01/BenchmarkTest01674,param,,true
BenchmarkTest01675,weakrand-03,/weakrand-03/BenchmarkTest01675,cookie,,true
BenchmarkTest01676,weakrand-03,/weakrand-03/BenchmarkTest01676,cookie,,true
BenchmarkTest01677,weakrand-03,/weakrand-03/BenchmarkTest01677,cookie,,true
BenchmarkTest01678,weakrand-03,/weakrand-03/BenchmarkTest01678,cookie,,true
BenchmarkTest01679,weakrand-03,/weakrand-03/BenchmarkTest01679,cookie,,true
BenchmarkTest01680,weakrand-03,/weakrand-03/BenchmarkTest01680,cookie,,true
BenchmarkTest01681,weakrand-03,/weakrand-03/BenchmarkTest01681,cookie,,true
BenchmarkTest01682,securecookie-00,/securecookie-00/BenchmarkTest01682,param,,true
BenchmarkTest01683,securecookie-00,/securecookie-00/BenchmarkTest01683,param,,true
BenchmarkTest01684,securecookie-00,/securecookie-00/BenchmarkTest01684,param,,false
BenchmarkTest01685,cmdi-01,/cmdi-01/BenchmarkTest01685,param,,true
BenchmarkTest01686,cmdi-01,/cmdi-01/BenchmarkTest01686,param,,false
BenchmarkTest01687,cmdi-01,/cmdi-01/BenchmarkTest01687,param,,false
BenchmarkTest01688,cmdi-01,/cmdi-01/BenchmarkTest01688,param,,false
BenchmarkTest01689,cmdi-01,/cmdi-01/BenchmarkTest01689,param,,true
BenchmarkTest01690,cmdi-01,/cmdi-01/BenchmarkTest01690,param,,true
BenchmarkTest01691,cmdi-01,/cmdi-01/BenchmarkTest01691,param,,true
BenchmarkTest01692,cmdi-02,/cmdi-02/BenchmarkTest01692,param,,false
BenchmarkTest01693,cmdi-02,/cmdi-02/BenchmarkTest01693,param,,false
BenchmarkTest01694,weakrand-03,/weakrand-03/BenchmarkTest01694,cookie,,false
BenchmarkTest01695,weakrand-03,/weakrand-03/BenchmarkTest01695,cookie,,false
BenchmarkTest01696,weakrand-03,/weakrand-03/BenchmarkTest01696,cookie,,false
BenchmarkTest01697,weakrand-03,/weakrand-03/BenchmarkTest01697,cookie,,false
BenchmarkTest01698,weakrand-03,/weakrand-03/BenchmarkTest01698,cookie,,false
BenchmarkTest01699,weakrand-03,/weakrand-03/BenchmarkTest01699,cookie,,false
BenchmarkTest01700,weakrand-03,/weakrand-03/BenchmarkTest01700,cookie,,false
BenchmarkTest01701,weakrand-03,/weakrand-03/BenchmarkTest01701,cookie,,false
BenchmarkTest01702,weakrand-03,/weakrand-03/BenchmarkTest01702,cookie,,false
BenchmarkTest01703,weakrand-03,/weakrand-03/BenchmarkTest01703,cookie,,false
BenchmarkTest01704,weakrand-03,/weakrand-03/BenchmarkTest01704,cookie,,false
BenchmarkTest01705,weakrand-03,/weakrand-03/BenchmarkTest01705,cookie,,false
BenchmarkTest01706,weakrand-03,/weakrand-03/BenchmarkTest01706,cookie,,false
BenchmarkTest01707,weakrand-03,/weakrand-03/BenchmarkTest01707,cookie,,false
BenchmarkTest01708,trustbound-01,/trustbound-01/BenchmarkTest01708,param,,true
BenchmarkTest01709,trustbound-01,/trustbound-01/BenchmarkTest01709,param,,true
BenchmarkTest01710,trustbound-01,/trustbound-01/BenchmarkTest01710,param,,true
BenchmarkTest01711,trustbound-01,/trustbound-01/BenchmarkTest01711,param,,true
BenchmarkTest01712,sqli-03,/sqli-03/BenchmarkTest01712,param,,true
BenchmarkTest01713,sqli-03,/sqli-03/BenchmarkTest01713,param,,false
BenchmarkTest01714,sqli-03,/sqli-03/BenchmarkTest01714,param,,false
BenchmarkTest01715,sqli-03,/sqli-03/BenchmarkTest01715,param,,true
BenchmarkTest01716,sqli-03,/sqli-03/BenchmarkTest01716,param,,true
BenchmarkTest01717,sqli-03,/sqli-03/BenchmarkTest01717,param,,false
BenchmarkTest01718,sqli-03,/sqli-03/BenchmarkTest01718,param,,true
BenchmarkTest01719,sqli-03,/sqli-03/BenchmarkTest01719,param,,false
BenchmarkTest01720,sqli-03,/sqli-03/BenchmarkTest01720,param,,true
BenchmarkTest01721,sqli-03,/sqli-03/BenchmarkTest01721,param,,true
BenchmarkTest01722,sqli-03,/sqli-03/BenchmarkTest01722,param,,false
BenchmarkTest01723,sqli-03,/sqli-03/BenchmarkTest01723,param,,true
BenchmarkTest01724,sqli-03,/sqli-03/BenchmarkTest01724,param,,true
BenchmarkTest01725,sqli-03,/sqli-03/BenchmarkTest01725,param,,true
BenchmarkTest01726,sqli-03,/sqli-03/BenchmarkTest01726,param,,true
BenchmarkTest01727,sqli-03,/sqli-03/BenchmarkTest01727,param,,true
BenchmarkTest01728,sqli-03,/sqli-03/BenchmarkTest01728,param,,true
BenchmarkTest01729,sqli-03,/sqli-03/BenchmarkTest01729,param,,false
BenchmarkTest01730,sqli-03,/sqli-03/BenchmarkTest01730,param,,true
BenchmarkTest01731,sqli-03,/sqli-03/BenchmarkTest01731,param,,true
BenchmarkTest01732,sqli-03,/sqli-03/BenchmarkTest01732,param,,false
BenchmarkTest01733,sqli-03,/sqli-03/BenchmarkTest01733,param,,true
BenchmarkTest01734,xpathi-00,/xpathi-00/BenchmarkTest01734,param,,true
BenchmarkTest01735,xpathi-00,/xpathi-00/BenchmarkTest01735,param,,false
BenchmarkTest01736,xpathi-00,/xpathi-00/BenchmarkTest01736,param,,true
BenchmarkTest01737,crypto-02,/crypto-02/BenchmarkTest01737,param,,false
BenchmarkTest01738,crypto-02,/crypto-02/BenchmarkTest01738,param,,false
BenchmarkTest01739,crypto-02,/crypto-02/BenchmarkTest01739,param,,false
BenchmarkTest01740,crypto-02,/crypto-02/BenchmarkTest01740,param,,true
BenchmarkTest01741,crypto-02,/crypto-02/BenchmarkTest01741,param,,true
BenchmarkTest01742,crypto-02,/crypto-02/BenchmarkTest01742,param,,true
BenchmarkTest01743,ldapi-00,/ldapi-00/BenchmarkTest01743,param,,false
BenchmarkTest01744,pathtraver-02,/pathtraver-02/BenchmarkTest01744,param,,false
BenchmarkTest01745,pathtraver-02,/pathtraver-02/BenchmarkTest01745,param,,false
BenchmarkTest01746,pathtraver-02,/pathtraver-02/BenchmarkTest01746,param,,false
BenchmarkTest01747,pathtraver-02,/pathtraver-02/BenchmarkTest01747,param,,false
BenchmarkTest01748,pathtraver-02,/pathtraver-02/BenchmarkTest01748,param,,false
BenchmarkTest01749,pathtraver-02,/pathtraver-02/BenchmarkTest01749,param,,false
BenchmarkTest01750,pathtraver-02,/pathtraver-02/BenchmarkTest01750,param,,false
BenchmarkTest01751,pathtraver-02,/pathtraver-02/BenchmarkTest01751,param,,false
BenchmarkTest01752,pathtraver-02,/pathtraver-02/BenchmarkTest01752,param,,false
BenchmarkTest01753,ldapi-00,/ldapi-00/BenchmarkTest01753,param,,false
BenchmarkTest01754,ldapi-00,/ldapi-00/BenchmarkTest01754,param,,false
BenchmarkTest01755,ldapi-00,/ldapi-00/BenchmarkTest01755,param,,false
BenchmarkTest01756,ldapi-00,/ldapi-00/BenchmarkTest01756,param,,false
BenchmarkTest01757,hash-01,/hash-01/BenchmarkTest01757,param,,true
BenchmarkTest01758,hash-01,/hash-01/BenchmarkTest01758,param,,false
BenchmarkTest01759,hash-01,/hash-01/BenchmarkTest01759,param,,false
BenchmarkTest01760,hash-02,/hash-02/BenchmarkTest01760,param,,false
BenchmarkTest01761,hash-02,/hash-02/BenchmarkTest01761,param,,true
BenchmarkTest01762,hash-02,/hash-02/BenchmarkTest01762,param,,false
BenchmarkTest01763,hash-02,/hash-02/BenchmarkTest01763,param,,false
BenchmarkTest01764,hash-02,/hash-02/BenchmarkTest01764,param,,false
BenchmarkTest01765,hash-02,/hash-02/BenchmarkTest01765,param,,true
BenchmarkTest01766,hash-02,/hash-02/BenchmarkTest01766,param,,true
BenchmarkTest01767,xss-03,/xss-03/BenchmarkTest01767,param,,false
BenchmarkTest01768,xss-03,/xss-03/BenchmarkTest01768,param,,false
BenchmarkTest01769,xss-03,/xss-03/BenchmarkTest01769,param,,false
BenchmarkTest01770,xss-03,/xss-03/BenchmarkTest01770,param,,false
BenchmarkTest01771,xss-03,/xss-03/BenchmarkTest01771,param,,false
BenchmarkTest01772,xss-03,/xss-03/BenchmarkTest01772,param,,false
BenchmarkTest01773,xss-03,/xss-03/BenchmarkTest01773,param,,false
BenchmarkTest01774,xss-03,/xss-03/BenchmarkTest01774,param,,false
BenchmarkTest01775,xss-03,/xss-03/BenchmarkTest01775,param,,false
BenchmarkTest01776,xss-03,/xss-03/BenchmarkTest01776,param,,false
BenchmarkTest01777,xss-03,/xss-03/BenchmarkTest01777,param,,false
BenchmarkTest01778,cmdi-02,/cmdi-02/BenchmarkTest01778,param,,false
BenchmarkTest01779,cmdi-02,/cmdi-02/BenchmarkTest01779,param,,false
BenchmarkTest01780,cmdi-02,/cmdi-02/BenchmarkTest01780,param,,false
BenchmarkTest01781,weakrand-03,/weakrand-03/BenchmarkTest01781,cookie,,true
BenchmarkTest01782,weakrand-03,/weakrand-03/BenchmarkTest01782,cookie,,true
BenchmarkTest01783,weakrand-03,/weakrand-03/BenchmarkTest01783,cookie,,true
BenchmarkTest01784,weakrand-03,/weakrand-03/BenchmarkTest01784,cookie,,true
BenchmarkTest01785,weakrand-03,/weakrand-03/BenchmarkTest01785,cookie,,true
BenchmarkTest01786,weakrand-03,/weakrand-03/BenchmarkTest01786,cookie,,true
BenchmarkTest01787,weakrand-03,/weakrand-03/BenchmarkTest01787,cookie,,true
BenchmarkTest01788,weakrand-04,/weakrand-04/BenchmarkTest01788,cookie,,true
BenchmarkTest01789,securecookie-00,/securecookie-00/BenchmarkTest01789,param,,true
BenchmarkTest01790,xss-03,/xss-03/BenchmarkTest01790,param,,false
BenchmarkTest01791,cmdi-02,/cmdi-02/BenchmarkTest01791,param,,false
BenchmarkTest01792,cmdi-02,/cmdi-02/BenchmarkTest01792,param,,false
BenchmarkTest01793,cmdi-02,/cmdi-02/BenchmarkTest01793,param,,false
BenchmarkTest01794,cmdi-02,/cmdi-02/BenchmarkTest01794,param,,false
BenchmarkTest01795,cmdi-02,/cmdi-02/BenchmarkTest01795,param,,false
BenchmarkTest01796,cmdi-02,/cmdi-02/BenchmarkTest01796,param,,false
BenchmarkTest01797,weakrand-04,/weakrand-04/BenchmarkTest01797,cookie,,false
BenchmarkTest01798,weakrand-04,/weakrand-04/BenchmarkTest01798,cookie,,false
BenchmarkTest01799,weakrand-04,/weakrand-04/BenchmarkTest01799,cookie,,false
BenchmarkTest01800,weakrand-04,/weakrand-04/BenchmarkTest01800,cookie,,false
BenchmarkTest01801,weakrand-04,/weakrand-04/BenchmarkTest01801,cookie,,false
BenchmarkTest01802,trustbound-01,/trustbound-01/BenchmarkTest01802,param,,false
BenchmarkTest01803,sqli-03,/sqli-03/BenchmarkTest01803,param,,false
BenchmarkTest01804,sqli-03,/sqli-03/BenchmarkTest01804,param,,false
BenchmarkTest01805,sqli-03,/sqli-03/BenchmarkTest01805,param,,false
BenchmarkTest01806,sqli-03,/sqli-03/BenchmarkTest01806,param,,false
BenchmarkTest01807,sqli-03,/sqli-03/BenchmarkTest01807,param,,false
BenchmarkTest01808,sqli-03,/sqli-03/BenchmarkTest01808,param,,false
BenchmarkTest01809,sqli-03,/sqli-03/BenchmarkTest01809,param,,false
BenchmarkTest01810,sqli-03,/sqli-03/BenchmarkTest01810,param,,false
BenchmarkTest01811,sqli-03,/sqli-03/BenchmarkTest01811,param,,false
BenchmarkTest01812,sqli-03,/sqli-03/BenchmarkTest01812,param,,false
BenchmarkTest01813,sqli-03,/sqli-03/BenchmarkTest01813,param,,false
BenchmarkTest01814,sqli-04,/sqli-04/BenchmarkTest01814,param,,false
BenchmarkTest01815,sqli-04,/sqli-04/BenchmarkTest01815,param,,false
BenchmarkTest01816,sqli-04,/sqli-04/BenchmarkTest01816,param,,false
BenchmarkTest01817,sqli-04,/sqli-04/BenchmarkTest01817,param,,false
BenchmarkTest01818,sqli-04,/sqli-04/BenchmarkTest01818,param,,false
BenchmarkTest01819,sqli-04,/sqli-04/BenchmarkTest01819,param,,false
BenchmarkTest01820,sqli-04,/sqli-04/BenchmarkTest01820,param,,false
BenchmarkTest01821,xpathi-00,/xpathi-00/BenchmarkTest01821,param,,false
BenchmarkTest01822,crypto-02,/crypto-02/BenchmarkTest01822,cookie,,true
BenchmarkTest01823,crypto-02,/crypto-02/BenchmarkTest01823,cookie,,true
BenchmarkTest01824,crypto-02,/crypto-02/BenchmarkTest01824,cookie,,false
BenchmarkTest01825,crypto-02,/crypto-02/BenchmarkTest01825,cookie,,false
BenchmarkTest01826,crypto-02,/crypto-02/BenchmarkTest01826,cookie,,false
BenchmarkTest01827,crypto-02,/crypto-02/BenchmarkTest01827,cookie,,false
BenchmarkTest01828,crypto-02,/crypto-02/BenchmarkTest01828,cookie,,false
BenchmarkTest01829,crypto-02,/crypto-02/BenchmarkTest01829,cookie,,true
BenchmarkTest01830,crypto-02,/crypto-02/BenchmarkTest01830,cookie,,true
BenchmarkTest01831,ldapi-00,/ldapi-00/BenchmarkTest01831,cookie,,true
BenchmarkTest01832,ldapi-00,/ldapi-00/BenchmarkTest01832,cookie,,true
BenchmarkTest01833,pathtraver-02,/pathtraver-02/BenchmarkTest01833,cookie,,true
BenchmarkTest01834,pathtraver-02,/pathtraver-02/BenchmarkTest01834,cookie,,false
BenchmarkTest01835,pathtraver-02,/pathtraver-02/BenchmarkTest01835,cookie,,true
BenchmarkTest01836,pathtraver-02,/pathtraver-02/BenchmarkTest01836,cookie,,true
BenchmarkTest01837,pathtraver-02,/pathtraver-02/BenchmarkTest01837,cookie,,false
BenchmarkTest01838,pathtraver-02,/pathtraver-02/BenchmarkTest01838,cookie,,false
BenchmarkTest01839,pathtraver-02,/pathtraver-02/BenchmarkTest01839,cookie,,true
BenchmarkTest01840,pathtraver-02,/pathtraver-02/BenchmarkTest01840,cookie,,true
BenchmarkTest01841,pathtraver-02,/pathtraver-02/BenchmarkTest01841,cookie,,false
BenchmarkTest01842,weakrand-04,/weakrand-04/BenchmarkTest01842,cookie,,true
BenchmarkTest01843,weakrand-04,/weakrand-04/BenchmarkTest01843,cookie,,true
BenchmarkTest01844,hash-02,/hash-02/BenchmarkTest01844,cookie,,true
BenchmarkTest01845,hash-02,/hash-02/BenchmarkTest01845,cookie,,true
BenchmarkTest01846,hash-02,/hash-02/BenchmarkTest01846,cookie,,true
BenchmarkTest01847,hash-02,/hash-02/BenchmarkTest01847,cookie,,false
BenchmarkTest01848,hash-02,/hash-02/BenchmarkTest01848,cookie,,false
BenchmarkTest01849,hash-02,/hash-02/BenchmarkTest01849,cookie,,false
BenchmarkTest01850,cmdi-02,/cmdi-02/BenchmarkTest01850,cookie,,true
BenchmarkTest01851,cmdi-02,/cmdi-02/BenchmarkTest01851,cookie,,true
BenchmarkTest01852,cmdi-02,/cmdi-02/BenchmarkTest01852,cookie,,true
BenchmarkTest01853,weakrand-04,/weakrand-04/BenchmarkTest01853,cookie,,true
BenchmarkTest01854,weakrand-04,/weakrand-04/BenchmarkTest01854,cookie,,true
BenchmarkTest01855,weakrand-04,/weakrand-04/BenchmarkTest01855,cookie,,true
BenchmarkTest01856,weakrand-04,/weakrand-04/BenchmarkTest01856,cookie,,true
BenchmarkTest01857,weakrand-04,/weakrand-04/BenchmarkTest01857,cookie,,true
BenchmarkTest01858,weakrand-04,/weakrand-04/BenchmarkTest01858,cookie,,true
BenchmarkTest01859,weakrand-04,/weakrand-04/BenchmarkTest01859,cookie,,true
BenchmarkTest01860,weakrand-04,/weakrand-04/BenchmarkTest01860,cookie,,true
BenchmarkTest01861,securecookie-00,/securecookie-00/BenchmarkTest01861,cookie,,true
BenchmarkTest01862,securecookie-00,/securecookie-00/BenchmarkTest01862,cookie,,false
BenchmarkTest01863,securecookie-00,/securecookie-00/BenchmarkTest01863,cookie,,false
BenchmarkTest01864,cmdi-02,/cmdi-02/BenchmarkTest01864,cookie,,true
BenchmarkTest01865,cmdi-02,/cmdi-02/BenchmarkTest01865,cookie,,false
BenchmarkTest01866,weakrand-04,/weakrand-04/BenchmarkTest01866,cookie,,false
BenchmarkTest01867,weakrand-04,/weakrand-04/BenchmarkTest01867,cookie,,false
BenchmarkTest01868,weakrand-04,/weakrand-04/BenchmarkTest01868,cookie,,false
BenchmarkTest01869,weakrand-04,/weakrand-04/BenchmarkTest01869,cookie,,false
BenchmarkTest01870,weakrand-04,/weakrand-04/BenchmarkTest01870,cookie,,false
BenchmarkTest01871,weakrand-04,/weakrand-04/BenchmarkTest01871,cookie,,false
BenchmarkTest01872,trustbound-01,/trustbound-01/BenchmarkTest01872,cookie,,true
BenchmarkTest01873,trustbound-01,/trustbound-01/BenchmarkTest01873,cookie,,false
BenchmarkTest01874,trustbound-01,/trustbound-01/BenchmarkTest01874,cookie,,true
BenchmarkTest01875,trustbound-01,/trustbound-01/BenchmarkTest01875,cookie,,true
BenchmarkTest01876,trustbound-01,/trustbound-01/BenchmarkTest01876,cookie,,true
BenchmarkTest01877,sqli-04,/sqli-04/BenchmarkTest01877,cookie,,false
BenchmarkTest01878,sqli-04,/sqli-04/BenchmarkTest01878,cookie,,false
BenchmarkTest01879,sqli-04,/sqli-04/BenchmarkTest01879,cookie,,false
BenchmarkTest01880,sqli-04,/sqli-04/BenchmarkTest01880,cookie,,false
BenchmarkTest01881,sqli-04,/sqli-04/BenchmarkTest01881,cookie,,true
BenchmarkTest01882,sqli-04,/sqli-04/BenchmarkTest01882,cookie,,true
BenchmarkTest01883,sqli-04,/sqli-04/BenchmarkTest01883,cookie,,true
BenchmarkTest01884,sqli-04,/sqli-04/BenchmarkTest01884,cookie,,false
BenchmarkTest01885,sqli-04,/sqli-04/BenchmarkTest01885,cookie,,false
BenchmarkTest01886,sqli-04,/sqli-04/BenchmarkTest01886,cookie,,false
BenchmarkTest01887,sqli-04,/sqli-04/BenchmarkTest01887,cookie,,true
BenchmarkTest01888,sqli-04,/sqli-04/BenchmarkTest01888,cookie,,true
BenchmarkTest01889,sqli-04,/sqli-04/BenchmarkTest01889,cookie,,true
BenchmarkTest01890,sqli-04,/sqli-04/BenchmarkTest01890,cookie,,true
BenchmarkTest01891,sqli-04,/sqli-04/BenchmarkTest01891,cookie,,true
BenchmarkTest01892,xpathi-00,/xpathi-00/BenchmarkTest01892,cookie,,true
BenchmarkTest01893,xpathi-00,/xpathi-00/BenchmarkTest01893,cookie,,false
BenchmarkTest01894,xpathi-00,/xpathi-00/BenchmarkTest01894,cookie,,true
BenchmarkTest01895,crypto-02,/crypto-02/BenchmarkTest01895,header_self,,true
BenchmarkTest01896,crypto-02,/crypto-02/BenchmarkTest01896,header_self,,false
BenchmarkTest01897,crypto-02,/crypto-02/BenchmarkTest01897,header_self,,true
BenchmarkTest01898,crypto-02,/crypto-02/BenchmarkTest01898,header_self,,true
BenchmarkTest01899,crypto-02,/crypto-02/BenchmarkTest01899,header_self,,false
BenchmarkTest01900,crypto-02,/crypto-02/BenchmarkTest01900,header_self,,true
BenchmarkTest01901,crypto-02,/crypto-02/BenchmarkTest01901,header_self,,false
BenchmarkTest01902,ldapi-00,/ldapi-00/BenchmarkTest01902,header_self,,true
BenchmarkTest01903,ldapi-00,/ldapi-00/BenchmarkTest01903,header_self,,false
BenchmarkTest01904,pathtraver-02,/pathtraver-02/BenchmarkTest01904,header_self,,true
BenchmarkTest01905,pathtraver-02,/pathtraver-02/BenchmarkTest01905,header_self,,false
BenchmarkTest01906,pathtraver-02,/pathtraver-02/BenchmarkTest01906,header_self,,true
BenchmarkTest01907,pathtraver-02,/pathtraver-02/BenchmarkTest01907,header_self,,true
BenchmarkTest01908,pathtraver-02,/pathtraver-02/BenchmarkTest01908,header_self,,true
BenchmarkTest01909,ldapi-00,/ldapi-00/BenchmarkTest01909,header_self,,false
BenchmarkTest01910,weakrand-04,/weakrand-04/BenchmarkTest01910,cookie,,true
BenchmarkTest01911,hash-02,/hash-02/BenchmarkTest01911,header_self,,true
BenchmarkTest01912,hash-02,/hash-02/BenchmarkTest01912,header_self,,false
BenchmarkTest01913,hash-02,/hash-02/BenchmarkTest01913,header_self,,false
BenchmarkTest01914,xss-03,/xss-03/BenchmarkTest01914,header_other,Referer,false
BenchmarkTest01915,xss-03,/xss-03/BenchmarkTest01915,header_other,Referer,false
BenchmarkTest01916,xss-03,/xss-03/BenchmarkTest01916,header_other,Referer,true
BenchmarkTest01917,xss-03,/xss-03/BenchmarkTest01917,header_other,Referer,false
BenchmarkTest01918,xss-03,/xss-03/BenchmarkTest01918,header_other,Referer,false
BenchmarkTest01919,xss-03,/xss-03/BenchmarkTest01919,header_other,Referer,true
BenchmarkTest01920,xss-03,/xss-03/BenchmarkTest01920,header_other,Referer,true
BenchmarkTest01921,xss-03,/xss-03/BenchmarkTest01921,header_other,Referer,true
BenchmarkTest01922,xss-03,/xss-03/BenchmarkTest01922,header_other,Referer,true
BenchmarkTest01923,xss-03,/xss-03/BenchmarkTest01923,header_other,Referer,true
BenchmarkTest01924,xss-03,/xss-03/BenchmarkTest01924,header_other,Referer,false
BenchmarkTest01925,xss-03,/xss-03/BenchmarkTest01925,header_other,Referer,true
BenchmarkTest01926,xss-03,/xss-03/BenchmarkTest01926,header_other,Referer,true
BenchmarkTest01927,xss-03,/xss-03/BenchmarkTest01927,header_other,Referer,true
BenchmarkTest01928,cmdi-02,/cmdi-02/BenchmarkTest01928,header_self,,true
BenchmarkTest01929,cmdi-02,/cmdi-02/BenchmarkTest01929,header_self,,true
BenchmarkTest01930,weakrand-04,/weakrand-04/BenchmarkTest01930,cookie,,true
BenchmarkTest01931,weakrand-04,/weakrand-04/BenchmarkTest01931,cookie,,true
BenchmarkTest01932,weakrand-04,/weakrand-04/BenchmarkTest01932,cookie,,true
BenchmarkTest01933,weakrand-04,/weakrand-04/BenchmarkTest01933,cookie,,true
BenchmarkTest01934,weakrand-04,/weakrand-04/BenchmarkTest01934,cookie,,true
BenchmarkTest01935,securecookie-00,/securecookie-00/BenchmarkTest01935,header_self,,false
BenchmarkTest01936,cmdi-02,/cmdi-02/BenchmarkTest01936,header_self,,true
BenchmarkTest01937,cmdi-02,/cmdi-02/BenchmarkTest01937,header_self,,false
BenchmarkTest01938,cmdi-02,/cmdi-02/BenchmarkTest01938,header_self,,true
BenchmarkTest01939,cmdi-02,/cmdi-02/BenchmarkTest01939,header_self,,false
BenchmarkTest01940,cmdi-02,/cmdi-02/BenchmarkTest01940,header_self,,true
BenchmarkTest01941,cmdi-02,/cmdi-02/BenchmarkTest01941,header_self,,false
BenchmarkTest01942,cmdi-02,/cmdi-02/BenchmarkTest01942,header_self,,true
BenchmarkTest01943,cmdi-02,/cmdi-02/BenchmarkTest01943,header_self,,false
BenchmarkTest01944,cmdi-02,/cmdi-02/BenchmarkTest01944,header_self,,true
BenchmarkTest01945,weakrand-04,/weakrand-04/BenchmarkTest01945,cookie,,false
BenchmarkTest01946,weakrand-04,/weakrand-04/BenchmarkTest01946,cookie,,false
BenchmarkTest01947,weakrand-04,/weakrand-04/BenchmarkTest01947,cookie,,false
BenchmarkTest01948,weakrand-04,/weakrand-04/BenchmarkTest01948,cookie,,false
BenchmarkTest01949,weakrand-04,/weakrand-04/BenchmarkTest01949,cookie,,false
BenchmarkTest01950,weakrand-04,/weakrand-04/BenchmarkTest01950,cookie,,false
BenchmarkTest01951,weakrand-04,/weakrand-04/BenchmarkTest01951,cookie,,false
BenchmarkTest01952,weakrand-04,/weakrand-04/BenchmarkTest01952,cookie,,false
BenchmarkTest01953,weakrand-04,/weakrand-04/BenchmarkTest01953,cookie,,false
BenchmarkTest01954,weakrand-04,/weakrand-04/BenchmarkTest01954,cookie,,false
BenchmarkTest01955,trustbound-01,/trustbound-01/BenchmarkTest01955,header_self,,true
BenchmarkTest01956,trustbound-01,/trustbound-01/BenchmarkTest01956,header_self,,false
BenchmarkTest01957,trustbound-01,/trustbound-01/BenchmarkTest01957,header_self,,false
BenchmarkTest01958,trustbound-01,/trustbound-01/BenchmarkTest01958,header_self,,true
BenchmarkTest01959,trustbound-01,/trustbound-01/BenchmarkTest01959,header_self,,false
BenchmarkTest01960,trustbound-01,/trustbound-01/BenchmarkTest01960,header_self,,true
BenchmarkTest01961,sqli-04,/sqli-04/BenchmarkTest01961,header_self,,false
BenchmarkTest01962,sqli-04,/sqli-04/BenchmarkTest01962,header_self,,true
BenchmarkTest01963,sqli-04,/sqli-04/BenchmarkTest01963,header_self,,true
BenchmarkTest01964,sqli-04,/sqli-04/BenchmarkTest01964,header_self,,true
BenchmarkTest01965,sqli-04,/sqli-04/BenchmarkTest01965,header_self,,false
BenchmarkTest01966,sqli-04,/sqli-04/BenchmarkTest01966,header_self,,false
BenchmarkTest01967,sqli-04,/sqli-04/BenchmarkTest01967,header_self,,false
BenchmarkTest01968,sqli-04,/sqli-04/BenchmarkTest01968,header_self,,false
BenchmarkTest01969,sqli-04,/sqli-04/BenchmarkTest01969,header_self,,false
BenchmarkTest01970,sqli-04,/sqli-04/BenchmarkTest01970,header_self,,true
BenchmarkTest01971,sqli-04,/sqli-04/BenchmarkTest01971,header_self,,true
BenchmarkTest01972,sqli-04,/sqli-04/BenchmarkTest01972,header_self,,true
BenchmarkTest01973,sqli-04,/sqli-04/BenchmarkTest01973,header_self,,false
BenchmarkTest01974,xpathi-00,/xpathi-00/BenchmarkTest01974,header_self,,true
BenchmarkTest01975,crypto-02,/crypto-02/BenchmarkTest01975,header_any,,false
BenchmarkTest01976,crypto-02,/crypto-02/BenchmarkTest01976,header_any,,false
BenchmarkTest01977,crypto-02,/crypto-02/BenchmarkTest01977,header_any,,false
BenchmarkTest01978,crypto-02,/crypto-02/BenchmarkTest01978,header_any,,true
BenchmarkTest01979,crypto-02,/crypto-02/BenchmarkTest01979,header_any,,false
BenchmarkTest01980,crypto-02,/crypto-02/BenchmarkTest01980,header_any,,true
BenchmarkTest01981,crypto-02,/crypto-02/BenchmarkTest01981,header_any,,true
BenchmarkTest01982,crypto-02,/crypto-02/BenchmarkTest01982,header_any,,false
BenchmarkTest01983,pathtraver-02,/pathtraver-02/BenchmarkTest01983,header_any,,true
BenchmarkTest01984,pathtraver-02,/pathtraver-02/BenchmarkTest01984,header_any,,false
BenchmarkTest01985,pathtraver-02,/pathtraver-02/BenchmarkTest01985,header_any,,true
BenchmarkTest01986,pathtraver-02,/pathtraver-02/BenchmarkTest01986,header_any,,false
BenchmarkTest01987,pathtraver-02,/pathtraver-02/BenchmarkTest01987,header_any,,true
BenchmarkTest01988,pathtraver-02,/pathtraver-02/BenchmarkTest01988,header_any,,true
BenchmarkTest01989,pathtraver-02,/pathtraver-02/BenchmarkTest01989,header_any,,true
BenchmarkTest01990,pathtraver-02,/pathtraver-02/BenchmarkTest01990,header_any,,false
BenchmarkTest01991,pathtraver-02,/pathtraver-02/BenchmarkTest01991,header_any,,false
BenchmarkTest01992,weakrand-04,/weakrand-04/BenchmarkTest01992,cookie,,true
BenchmarkTest01993,hash-02,/hash-02/BenchmarkTest01993,header_any,,false
BenchmarkTest01994,hash-02,/hash-02/BenchmarkTest01994,header_any,,false
BenchmarkTest01995,hash-02,/hash-02/BenchmarkTest01995,header_any,,false
BenchmarkTest01996,hash-02,/hash-02/BenchmarkTest01996,header_any,,true
BenchmarkTest01997,hash-02,/hash-02/BenchmarkTest01997,header_any,,true
BenchmarkTest01998,hash-02,/hash-02/BenchmarkTest01998,header_any,,false
BenchmarkTest01999,weakrand-04,/weakrand-04/BenchmarkTest01999,cookie,,true
BenchmarkTest02000,weakrand-04,/weakrand-04/BenchmarkTest02000,cookie,,true
BenchmarkTest02001,weakrand-04,/weakrand-04/BenchmarkTest02001,cookie,,true
BenchmarkTest02002,weakrand-04,/weakrand-04/BenchmarkTest02002,cookie,,true
BenchmarkTest02003,weakrand-04,/weakrand-04/BenchmarkTest02003,cookie,,true
BenchmarkTest02004,weakrand-04,/weakrand-04/BenchmarkTest02004,cookie,,true
BenchmarkTest02005,securecookie-00,/securecookie-00/BenchmarkTest02005,header_any,,true
BenchmarkTest02006,securecookie-00,/securecookie-00/BenchmarkTest02006,header_any,,false
BenchmarkTest02007,weakrand-04,/weakrand-04/BenchmarkTest02007,cookie,,false
BenchmarkTest02008,weakrand-04,/weakrand-04/BenchmarkTest02008,cookie,,false
BenchmarkTest02009,weakrand-04,/weakrand-04/BenchmarkTest02009,cookie,,false
BenchmarkTest02010,weakrand-04,/weakrand-04/BenchmarkTest02010,cookie,,false
BenchmarkTest02011,weakrand-04,/weakrand-04/BenchmarkTest02011,cookie,,false
BenchmarkTest02012,weakrand-04,/weakrand-04/BenchmarkTest02012,cookie,,false
BenchmarkTest02013,weakrand-04,/weakrand-04/BenchmarkTest02013,cookie,,false
BenchmarkTest02014,weakrand-04,/weakrand-04/BenchmarkTest02014,cookie,,false
BenchmarkTest02015,trustbound-01,/trustbound-01/BenchmarkTest02015,header_any,,true
BenchmarkTest02016,trustbound-01,/trustbound-01/BenchmarkTest02016,header_any,,true
BenchmarkTest02017,crypto-02,/crypto-02/BenchmarkTest02017,header_self,,true
BenchmarkTest02018,crypto-02,/crypto-02/BenchmarkTest02018,header_self,,true
BenchmarkTest02019,crypto-02,/crypto-02/BenchmarkTest02019,header_self,,true
BenchmarkTest02020,crypto-02,/crypto-02/BenchmarkTest02020,header_self,,true
BenchmarkTest02021,crypto-02,/crypto-02/BenchmarkTest02021,header_self,,false
BenchmarkTest02022,crypto-02,/crypto-02/BenchmarkTest02022,header_self,,true
BenchmarkTest02023,crypto-02,/crypto-02/BenchmarkTest02023,header_self,,true
BenchmarkTest02024,crypto-02,/crypto-02/BenchmarkTest02024,header_self,,false
BenchmarkTest02025,ldapi-00,/ldapi-00/BenchmarkTest02025,header_self,,false
BenchmarkTest02026,pathtraver-02,/pathtraver-02/BenchmarkTest02026,header_self,,false
BenchmarkTest02027,pathtraver-02,/pathtraver-02/BenchmarkTest02027,header_self,,true
BenchmarkTest02028,pathtraver-02,/pathtraver-02/BenchmarkTest02028,header_self,,false
BenchmarkTest02029,pathtraver-02,/pathtraver-02/BenchmarkTest02029,header_self,,false
BenchmarkTest02030,pathtraver-02,/pathtraver-02/BenchmarkTest02030,header_self,,false
BenchmarkTest02031,pathtraver-02,/pathtraver-02/BenchmarkTest02031,header_self,,false
BenchmarkTest02032,pathtraver-02,/pathtraver-02/BenchmarkTest02032,header_self,,true
BenchmarkTest02033,pathtraver-02,/pathtraver-02/BenchmarkTest02033,header_self,,false
BenchmarkTest02034,pathtraver-02,/pathtraver-02/BenchmarkTest02034,header_self,,true
BenchmarkTest02035,pathtraver-02,/pathtraver-02/BenchmarkTest02035,header_self,,false
BenchmarkTest02036,ldapi-00,/ldapi-00/BenchmarkTest02036,header_self,,true
BenchmarkTest02037,ldapi-00,/ldapi-00/BenchmarkTest02037,header_self,,true
BenchmarkTest02038,weakrand-04,/weakrand-04/BenchmarkTest02038,cookie,,true
BenchmarkTest02039,weakrand-04,/weakrand-04/BenchmarkTest02039,cookie,,true
BenchmarkTest02040,weakrand-04,/weakrand-04/BenchmarkTest02040,cookie,,true
BenchmarkTest02041,hash-02,/hash-02/BenchmarkTest02041,header_self,,false
BenchmarkTest02042,hash-02,/hash-02/BenchmarkTest02042,header_self,,true
BenchmarkTest02043,hash-02,/hash-02/BenchmarkTest02043,header_self,,false
BenchmarkTest02044,hash-02,/hash-02/BenchmarkTest02044,header_self,,false
BenchmarkTest02045,xss-03,/xss-03/BenchmarkTest02045,header_other,Referer,false
BenchmarkTest02046,xss-03,/xss-03/BenchmarkTest02046,header_other,Referer,true
BenchmarkTest02047,xss-03,/xss-03/BenchmarkTest02047,header_other,Referer,true
BenchmarkTest02048,xss-03,/xss-03/BenchmarkTest02048,header_other,Referer,false
BenchmarkTest02049,xss-03,/xss-03/BenchmarkTest02049,header_other,Referer,false
BenchmarkTest02050,xss-03,/xss-03/BenchmarkTest02050,header_other,Referer,true
BenchmarkTest02051,xss-03,/xss-03/BenchmarkTest02051,header_other,Referer,true
BenchmarkTest02052,xss-03,/xss-03/BenchmarkTest02052,header_other,Referer,false
BenchmarkTest02053,xss-03,/xss-03/BenchmarkTest02053,header_other,Referer,false
BenchmarkTest02054,xss-03,/xss-03/BenchmarkTest02054,header_other,Referer,true
BenchmarkTest02055,xss-03,/xss-03/BenchmarkTest02055,header_other,Referer,true
BenchmarkTest02056,xss-03,/xss-03/BenchmarkTest02056,header_other,Referer,true
BenchmarkTest02057,xss-03,/xss-03/BenchmarkTest02057,header_other,Referer,true
BenchmarkTest02058,cmdi-02,/cmdi-02/BenchmarkTest02058,header_self,,false
BenchmarkTest02059,cmdi-02,/cmdi-02/BenchmarkTest02059,header_self,,true
BenchmarkTest02060,weakrand-04,/weakrand-04/BenchmarkTest02060,cookie,,true
BenchmarkTest02061,weakrand-04,/weakrand-04/BenchmarkTest02061,cookie,,true
BenchmarkTest02062,weakrand-04,/weakrand-04/BenchmarkTest02062,cookie,,true
BenchmarkTest02063,weakrand-04,/weakrand-04/BenchmarkTest02063,cookie,,true
BenchmarkTest02064,securecookie-00,/securecookie-00/BenchmarkTest02064,header_self,,false
BenchmarkTest02065,securecookie-00,/securecookie-00/BenchmarkTest02065,header_self,,false
BenchmarkTest02066,securecookie-00,/securecookie-00/BenchmarkTest02066,header_self,,false
BenchmarkTest02067,cmdi-02,/cmdi-02/BenchmarkTest02067,header_self,,false
BenchmarkTest02068,cmdi-02,/cmdi-02/BenchmarkTest02068,header_self,,false
BenchmarkTest02069,cmdi-02,/cmdi-02/BenchmarkTest02069,header_self,,false
BenchmarkTest02070,cmdi-02,/cmdi-02/BenchmarkTest02070,header_self,,true
BenchmarkTest02071,weakrand-04,/weakrand-04/BenchmarkTest02071,cookie,,false
BenchmarkTest02072,weakrand-04,/weakrand-04/BenchmarkTest02072,cookie,,false
BenchmarkTest02073,weakrand-04,/weakrand-04/BenchmarkTest02073,cookie,,false
BenchmarkTest02074,weakrand-04,/weakrand-04/BenchmarkTest02074,cookie,,false
BenchmarkTest02075,weakrand-04,/weakrand-04/BenchmarkTest02075,cookie,,false
BenchmarkTest02076,weakrand-04,/weakrand-04/BenchmarkTest02076,cookie,,false
BenchmarkTest02077,weakrand-04,/weakrand-04/BenchmarkTest02077,cookie,,false
BenchmarkTest02078,weakrand-04,/weakrand-04/BenchmarkTest02078,cookie,,false
BenchmarkTest02079,weakrand-04,/weakrand-04/BenchmarkTest02079,cookie,,false
BenchmarkTest02080,weakrand-04,/weakrand-04/BenchmarkTest02080,cookie,,false
BenchmarkTest02081,weakrand-04,/weakrand-04/BenchmarkTest02081,cookie,,false
BenchmarkTest02082,weakrand-04,/weakrand-04/BenchmarkTest02082,cookie,,false
BenchmarkTest02083,weakrand-04,/weakrand-04/BenchmarkTest02083,cookie,,false
BenchmarkTest02084,trustbound-01,/trustbound-01/BenchmarkTest02084,header_self,,true
BenchmarkTest02085,trustbound-01,/trustbound-01/BenchmarkTest02085,header_self,,false
BenchmarkTest02086,trustbound-01,/trustbound-01/BenchmarkTest02086,header_self,,false
BenchmarkTest02087,sqli-04,/sqli-04/BenchmarkTest02087,header_self,,true
BenchmarkTest02088,sqli-04,/sqli-04/BenchmarkTest02088,header_self,,true
BenchmarkTest02089,sqli-04,/sqli-04/BenchmarkTest02089,header_self,,false
BenchmarkTest02090,sqli-04,/sqli-04/BenchmarkTest02090,header_self,,true
BenchmarkTest02091,sqli-04,/sqli-04/BenchmarkTest02091,header_self,,true
BenchmarkTest02092,sqli-04,/sqli-04/BenchmarkTest02092,header_self,,true
BenchmarkTest02093,sqli-04,/sqli-04/BenchmarkTest02093,header_self,,false
BenchmarkTest02094,sqli-04,/sqli-04/BenchmarkTest02094,header_self,,true
BenchmarkTest02095,sqli-04,/sqli-04/BenchmarkTest02095,header_self,,false
BenchmarkTest02096,sqli-04,/sqli-04/BenchmarkTest02096,header_self,,true
BenchmarkTest02097,sqli-04,/sqli-04/BenchmarkTest02097,header_self,,false
BenchmarkTest02098,sqli-04,/sqli-04/BenchmarkTest02098,header_self,,false
BenchmarkTest02099,sqli-04,/sqli-04/BenchmarkTest02099,header_self,,true
BenchmarkTest02100,xpathi-00,/xpathi-00/BenchmarkTest02100,header_self,,true
BenchmarkTest02101,crypto-02,/crypto-02/BenchmarkTest02101,param,,true
BenchmarkTest02102,crypto-02,/crypto-02/BenchmarkTest02102,param,,false
BenchmarkTest02103,crypto-02,/crypto-02/BenchmarkTest02103,param,,false
BenchmarkTest02104,ldapi-00,/ldapi-00/BenchmarkTest02104,param,,false
BenchmarkTest02105,pathtraver-02,/pathtraver-02/BenchmarkTest02105,param,,true
BenchmarkTest02106,pathtraver-02,/pathtraver-02/BenchmarkTest02106,param,,true
BenchmarkTest02107,pathtraver-02,/pathtraver-02/BenchmarkTest02107,param,,false
BenchmarkTest02108,pathtraver-02,/pathtraver-02/BenchmarkTest02108,param,,false
BenchmarkTest02109,pathtraver-02,/pathtraver-02/BenchmarkTest02109,param,,true
BenchmarkTest02110,pathtraver-02,/pathtraver-02/BenchmarkTest02110,param,,false
BenchmarkTest02111,pathtraver-02,/pathtraver-02/BenchmarkTest02111,param,,false
BenchmarkTest02112,pathtraver-02,/pathtraver-02/BenchmarkTest02112,param,,true
BenchmarkTest02113,pathtraver-02,/pathtraver-02/BenchmarkTest02113,param,,true
BenchmarkTest02114,ldapi-00,/ldapi-00/BenchmarkTest02114,param,,false
BenchmarkTest02115,ldapi-00,/ldapi-00/BenchmarkTest02115,param,,false
BenchmarkTest02116,ldapi-00,/ldapi-00/BenchmarkTest02116,param,,false
BenchmarkTest02117,weakrand-04,/weakrand-04/BenchmarkTest02117,cookie,,true
BenchmarkTest02118,hash-02,/hash-02/BenchmarkTest02118,param,,true
BenchmarkTest02119,hash-02,/hash-02/BenchmarkTest02119,param,,false
BenchmarkTest02120,hash-02,/hash-02/BenchmarkTest02120,param,,false
BenchmarkTest02121,hash-02,/hash-02/BenchmarkTest02121,param,,true
BenchmarkTest02122,xss-03,/xss-03/BenchmarkTest02122,param,,false
BenchmarkTest02123,xss-04,/xss-04/BenchmarkTest02123,param,,true
BenchmarkTest02124,xss-04,/xss-04/BenchmarkTest02124,param,,true
BenchmarkTest02125,xss-04,/xss-04/BenchmarkTest02125,param,,false
BenchmarkTest02126,xss-04,/xss-04/BenchmarkTest02126,param,,true
BenchmarkTest02127,xss-04,/xss-04/BenchmarkTest02127,param,,true
BenchmarkTest02128,xss-04,/xss-04/BenchmarkTest02128,param,,true
BenchmarkTest02129,xss-04,/xss-04/BenchmarkTest02129,param,,true
BenchmarkTest02130,xss-04,/xss-04/BenchmarkTest02130,param,,true
BenchmarkTest02131,xss-04,/xss-04/BenchmarkTest02131,param,,true
BenchmarkTest02132,xss-04,/xss-04/BenchmarkTest02132,param,,true
BenchmarkTest02133,xss-04,/xss-04/BenchmarkTest02133,param,,true
BenchmarkTest02134,xss-04,/xss-04/BenchmarkTest02134,param,,true
BenchmarkTest02135,xss-04,/xss-04/BenchmarkTest02135,param,,false
BenchmarkTest02136,xss-04,/xss-04/BenchmarkTest02136,param,,true
BenchmarkTest02137,cmdi-02,/cmdi-02/BenchmarkTest02137,param,,true
BenchmarkTest02138,weakrand-04,/weakrand-04/BenchmarkTest02138,cookie,,true
BenchmarkTest02139,weakrand-04,/weakrand-04/BenchmarkTest02139,cookie,,true
BenchmarkTest02140,weakrand-04,/weakrand-04/BenchmarkTest02140,cookie,,true
BenchmarkTest02141,weakrand-04,/weakrand-04/BenchmarkTest02141,cookie,,true
BenchmarkTest02142,securecookie-00,/securecookie-00/BenchmarkTest02142,param,,true
BenchmarkTest02143,securecookie-00,/securecookie-00/BenchmarkTest02143,param,,false
BenchmarkTest02144,securecookie-00,/securecookie-00/BenchmarkTest02144,param,,false
BenchmarkTest02145,xss-04,/xss-04/BenchmarkTest02145,param,,true
BenchmarkTest02146,cmdi-02,/cmdi-02/BenchmarkTest02146,param,,true
BenchmarkTest02147,cmdi-02,/cmdi-02/BenchmarkTest02147,param,,true
BenchmarkTest02148,cmdi-02,/cmdi-02/BenchmarkTest02148,param,,false
BenchmarkTest02149,cmdi-02,/cmdi-02/BenchmarkTest02149,param,,false
BenchmarkTest02150,cmdi-02,/cmdi-02/BenchmarkTest02150,param,,true
BenchmarkTest02151,cmdi-02,/cmdi-02/BenchmarkTest02151,param,,true
BenchmarkTest02152,cmdi-02,/cmdi-02/BenchmarkTest02152,param,,true
BenchmarkTest02153,cmdi-02,/cmdi-02/BenchmarkTest02153,param,,false
BenchmarkTest02154,cmdi-02,/cmdi-02/BenchmarkTest02154,param,,true
BenchmarkTest02155,cmdi-02,/cmdi-02/BenchmarkTest02155,param,,true
BenchmarkTest02156,cmdi-02,/cmdi-02/BenchmarkTest02156,param,,false
BenchmarkTest02157,weakrand-04,/weakrand-04/BenchmarkTest02157,cookie,,false
BenchmarkTest02158,weakrand-04,/weakrand-04/BenchmarkTest02158,cookie,,false
BenchmarkTest02159,weakrand-05,/weakrand-05/BenchmarkTest02159,cookie,,false
BenchmarkTest02160,weakrand-05,/weakrand-05/BenchmarkTest02160,cookie,,false
BenchmarkTest02161,weakrand-05,/weakrand-05/BenchmarkTest02161,cookie,,false
BenchmarkTest02162,weakrand-05,/weakrand-05/BenchmarkTest02162,cookie,,false
BenchmarkTest02163,weakrand-05,/weakrand-05/BenchmarkTest02163,cookie,,false
BenchmarkTest02164,weakrand-05,/weakrand-05/BenchmarkTest02164,cookie,,false
BenchmarkTest02165,trustbound-01,/trustbound-01/BenchmarkTest02165,param,,true
BenchmarkTest02166,trustbound-01,/trustbound-01/BenchmarkTest02166,param,,false
BenchmarkTest02167,trustbound-01,/trustbound-01/BenchmarkTest02167,param,,true
BenchmarkTest02168,trustbound-01,/trustbound-01/BenchmarkTest02168,param,,false
BenchmarkTest02169,sqli-04,/sqli-04/BenchmarkTest02169,param,,true
BenchmarkTest02170,sqli-04,/sqli-04/BenchmarkTest02170,param,,true
BenchmarkTest02171,sqli-04,/sqli-04/BenchmarkTest02171,param,,true
BenchmarkTest02172,sqli-04,/sqli-04/BenchmarkTest02172,param,,false
BenchmarkTest02173,sqli-04,/sqli-04/BenchmarkTest02173,param,,false
BenchmarkTest02174,sqli-04,/sqli-04/BenchmarkTest02174,param,,false
BenchmarkTest02175,sqli-04,/sqli-04/BenchmarkTest02175,param,,false
BenchmarkTest02176,sqli-04,/sqli-04/BenchmarkTest02176,param,,false
BenchmarkTest02177,sqli-04,/sqli-04/BenchmarkTest02177,param,,true
BenchmarkTest02178,sqli-04,/sqli-04/BenchmarkTest02178,param,,true
BenchmarkTest02179,sqli-04,/sqli-04/BenchmarkTest02179,param,,true
BenchmarkTest02180,sqli-04,/sqli-04/BenchmarkTest02180,param,,false
BenchmarkTest02181,sqli-04,/sqli-04/BenchmarkTest02181,param,,true
BenchmarkTest02182,sqli-04,/sqli-04/BenchmarkTest02182,param,,true
BenchmarkTest02183,sqli-04,/sqli-04/BenchmarkTest02183,param,,false
BenchmarkTest02184,sqli-04,/sqli-04/BenchmarkTest02184,param,,false
BenchmarkTest02185,sqli-04,/sqli-04/BenchmarkTest02185,param,,false
BenchmarkTest02186,sqli-04,/sqli-04/BenchmarkTest02186,param,,true
BenchmarkTest02187,sqli-04,/sqli-04/BenchmarkTest02187,param,,true
BenchmarkTest02188,sqli-04,/sqli-04/BenchmarkTest02188,param,,false
BenchmarkTest02189,xpathi-00,/xpathi-00/BenchmarkTest02189,param,,true
BenchmarkTest02190,crypto-02,/crypto-02/BenchmarkTest02190,param,,false
BenchmarkTest02191,crypto-02,/crypto-02/BenchmarkTest02191,param,,false
BenchmarkTest02192,crypto-02,/crypto-02/BenchmarkTest02192,param,,true
BenchmarkTest02193,crypto-02,/crypto-02/BenchmarkTest02193,param,,true
BenchmarkTest02194,crypto-02,/crypto-02/BenchmarkTest02194,param,,true
BenchmarkTest02195,crypto-02,/crypto-02/BenchmarkTest02195,param,,true
BenchmarkTest02196,ldapi-00,/ldapi-00/BenchmarkTest02196,param,,true
BenchmarkTest02197,pathtraver-02,/pathtraver-02/BenchmarkTest02197,param,,true
BenchmarkTest02198,pathtraver-02,/pathtraver-02/BenchmarkTest02198,param,,true
BenchmarkTest02199,pathtraver-02,/pathtraver-02/BenchmarkTest02199,param,,true
BenchmarkTest02200,pathtraver-02,/pathtraver-02/BenchmarkTest02200,param,,false
BenchmarkTest02201,pathtraver-02,/pathtraver-02/BenchmarkTest02201,param,,false
BenchmarkTest02202,pathtraver-02,/pathtraver-02/BenchmarkTest02202,param,,false
BenchmarkTest02203,pathtraver-02,/pathtraver-02/BenchmarkTest02203,param,,false
BenchmarkTest02204,pathtraver-02,/pathtraver-02/BenchmarkTest02204,param,,false
BenchmarkTest02205,pathtraver-02,/pathtraver-02/BenchmarkTest02205,param,,true
BenchmarkTest02206,pathtraver-02,/pathtraver-02/BenchmarkTest02206,param,,false
BenchmarkTest02207,pathtraver-02,/pathtraver-02/BenchmarkTest02207,param,,false
BenchmarkTest02208,ldapi-00,/ldapi-00/BenchmarkTest02208,param,,true
BenchmarkTest02209,weakrand-05,/weakrand-05/BenchmarkTest02209,cookie,,true
BenchmarkTest02210,hash-02,/hash-02/BenchmarkTest02210,param,,false
BenchmarkTest02211,hash-02,/hash-02/BenchmarkTest02211,param,,true
BenchmarkTest02212,hash-02,/hash-02/BenchmarkTest02212,param,,true
BenchmarkTest02213,hash-02,/hash-02/BenchmarkTest02213,param,,true
BenchmarkTest02214,hash-02,/hash-02/BenchmarkTest02214,param,,false
BenchmarkTest02215,hash-02,/hash-02/BenchmarkTest02215,param,,false
BenchmarkTest02216,hash-02,/hash-02/BenchmarkTest02216,param,,false
BenchmarkTest02217,hash-02,/hash-02/BenchmarkTest02217,param,,true
BenchmarkTest02218,hash-02,/hash-02/BenchmarkTest02218,param,,false
BenchmarkTest02219,hash-02,/hash-02/BenchmarkTest02219,param,,true
BenchmarkTest02220,hash-02,/hash-02/BenchmarkTest02220,param,,false
BenchmarkTest02221,xss-04,/xss-04/BenchmarkTest02221,param,,true
BenchmarkTest02222,xss-04,/xss-04/BenchmarkTest02222,param,,false
BenchmarkTest02223,xss-04,/xss-04/BenchmarkTest02223,param,,true
BenchmarkTest02224,xss-04,/xss-04/BenchmarkTest02224,param,,true
BenchmarkTest02225,xss-04,/xss-04/BenchmarkTest02225,param,,true
BenchmarkTest02226,xss-04,/xss-04/BenchmarkTest02226,param,,false
BenchmarkTest02227,xss-04,/xss-04/BenchmarkTest02227,param,,true
BenchmarkTest02228,xss-04,/xss-04/BenchmarkTest02228,param,,true
BenchmarkTest02229,xss-04,/xss-04/BenchmarkTest02229,param,,false
BenchmarkTest02230,xss-04,/xss-04/BenchmarkTest02230,param,,true
BenchmarkTest02231,xss-04,/xss-04/BenchmarkTest02231,param,,false
BenchmarkTest02232,xss-04,/xss-04/BenchmarkTest02232,param,,true
BenchmarkTest02233,xss-04,/xss-04/BenchmarkTest02233,param,,false
BenchmarkTest02234,xss-04,/xss-04/BenchmarkTest02234,param,,true
BenchmarkTest02235,xss-04,/xss-04/BenchmarkTest02235,param,,false
BenchmarkTest02236,xss-04,/xss-04/BenchmarkTest02236,param,,false
BenchmarkTest02237,xss-04,/xss-04/BenchmarkTest02237,param,,false
BenchmarkTest02238,xss-04,/xss-04/BenchmarkTest02238,param,,false
BenchmarkTest02239,xss-04,/xss-04/BenchmarkTest02239,param,,false
BenchmarkTest02240,xss-04,/xss-04/BenchmarkTest02240,param,,false
BenchmarkTest02241,xss-04,/xss-04/BenchmarkTest02241,param,,true
BenchmarkTest02242,cmdi-02,/cmdi-02/BenchmarkTest02242,param,,false
BenchmarkTest02243,cmdi-02,/cmdi-02/BenchmarkTest02243,param,,true
BenchmarkTest02244,cmdi-02,/cmdi-02/BenchmarkTest02244,param,,true
BenchmarkTest02245,weakrand-05,/weakrand-05/BenchmarkTest02245,cookie,,true
BenchmarkTest02246,weakrand-05,/weakrand-05/BenchmarkTest02246,cookie,,true
BenchmarkTest02247,securecookie-00,/securecookie-00/BenchmarkTest02247,param,,false
BenchmarkTest02248,securecookie-00,/securecookie-00/BenchmarkTest02248,param,,false
BenchmarkTest02249,cmdi-02,/cmdi-02/BenchmarkTest02249,param,,true
BenchmarkTest02250,cmdi-02,/cmdi-02/BenchmarkTest02250,param,,true
BenchmarkTest02251,cmdi-02,/cmdi-02/BenchmarkTest02251,param,,true
BenchmarkTest02252,cmdi-02,/cmdi-02/BenchmarkTest02252,param,,false
BenchmarkTest02253,cmdi-02,/cmdi-02/BenchmarkTest02253,param,,false
BenchmarkTest02254,weakrand-05,/weakrand-05/BenchmarkTest02254,cookie,,false
BenchmarkTest02255,weakrand-05,/weakrand-05/BenchmarkTest02255,cookie,,false
BenchmarkTest02256,weakrand-05,/weakrand-05/BenchmarkTest02256,cookie,,false
BenchmarkTest02257,weakrand-05,/weakrand-05/BenchmarkTest02257,cookie,,false
BenchmarkTest02258,weakrand-05,/weakrand-05/BenchmarkTest02258,cookie,,false
BenchmarkTest02259,weakrand-05,/weakrand-05/BenchmarkTest02259,cookie,,false
BenchmarkTest02260,weakrand-05,/weakrand-05/BenchmarkTest02260,cookie,,false
BenchmarkTest02261,trustbound-01,/trustbound-01/BenchmarkTest02261,param,,true
BenchmarkTest02262,trustbound-01,/trustbound-01/BenchmarkTest02262,param,,true
BenchmarkTest02263,trustbound-01,/trustbound-01/BenchmarkTest02263,param,,true
BenchmarkTest02264,sqli-04,/sqli-04/BenchmarkTest02264,param,,true
BenchmarkTest02265,sqli-04,/sqli-04/BenchmarkTest02265,param,,false
BenchmarkTest02266,sqli-04,/sqli-04/BenchmarkTest02266,param,,false
BenchmarkTest02267,sqli-04,/sqli-04/BenchmarkTest02267,param,,false
BenchmarkTest02268,sqli-04,/sqli-04/BenchmarkTest02268,param,,false
BenchmarkTest02269,sqli-04,/sqli-04/BenchmarkTest02269,param,,true
BenchmarkTest02270,sqli-04,/sqli-04/BenchmarkTest02270,param,,true
BenchmarkTest02271,sqli-04,/sqli-04/BenchmarkTest02271,param,,false
BenchmarkTest02272,sqli-04,/sqli-04/BenchmarkTest02272,param,,true
BenchmarkTest02273,sqli-04,/sqli-04/BenchmarkTest02273,param,,true
BenchmarkTest02274,sqli-04,/sqli-04/BenchmarkTest02274,param,,false
BenchmarkTest02275,sqli-04,/sqli-04/BenchmarkTest02275,param,,true
BenchmarkTest02276,sqli-05,/sqli-05/BenchmarkTest02276,param,,false
BenchmarkTest02277,sqli-05,/sqli-05/BenchmarkTest02277,param,,true
BenchmarkTest02278,sqli-05,/sqli-05/BenchmarkTest02278,param,,false
BenchmarkTest02279,sqli-05,/sqli-05/BenchmarkTest02279,param,,false
BenchmarkTest02280,sqli-05,/sqli-05/BenchmarkTest02280,param,,false
BenchmarkTest02281,sqli-05,/sqli-05/BenchmarkTest02281,param,,true
BenchmarkTest02282,sqli-05,/sqli-05/BenchmarkTest02282,param,,false
BenchmarkTest02283,sqli-05,/sqli-05/BenchmarkTest02283,param,,false
BenchmarkTest02284,sqli-05,/sqli-05/BenchmarkTest02284,param,,true
BenchmarkTest02285,sqli-05,/sqli-05/BenchmarkTest02285,param,,false
BenchmarkTest02286,sqli-05,/sqli-05/BenchmarkTest02286,param,,true
BenchmarkTest02287,sqli-05,/sqli-05/BenchmarkTest02287,param,,true
BenchmarkTest02288,sqli-05,/sqli-05/BenchmarkTest02288,param,,true
BenchmarkTest02289,crypto-02,/crypto-02/BenchmarkTest02289,param_name,,false
BenchmarkTest02290,crypto-02,/crypto-02/BenchmarkTest02290,param_name,,true
BenchmarkTest02291,crypto-02,/crypto-02/BenchmarkTest02291,param_name,,true
BenchmarkTest02292,crypto-02,/crypto-02/BenchmarkTest02292,param_name,,true
BenchmarkTest02293,crypto-02,/crypto-02/BenchmarkTest02293,param_name,,true
BenchmarkTest02294,crypto-02,/crypto-02/BenchmarkTest02294,param_name,,true
BenchmarkTest02295,crypto-02,/crypto-02/BenchmarkTest02295,param_name,,true
BenchmarkTest02296,crypto-02,/crypto-02/BenchmarkTest02296,param_name,,false
BenchmarkTest02297,crypto-02,/crypto-02/BenchmarkTest02297,param_name,,false
BenchmarkTest02298,crypto-02,/crypto-02/BenchmarkTest02298,param_name,,false
BenchmarkTest02299,ldapi-00,/ldapi-00/BenchmarkTest02299,param_name,,true
BenchmarkTest02300,pathtraver-02,/pathtraver-02/BenchmarkTest02300,param_name,,false
BenchmarkTest02301,pathtraver-02,/pathtraver-02/BenchmarkTest02301,param_name,,false
BenchmarkTest02302,pathtraver-02,/pathtraver-02/BenchmarkTest02302,param_name,,true
BenchmarkTest02303,pathtraver-02,/pathtraver-02/BenchmarkTest02303,param_name,,true
BenchmarkTest02304,pathtraver-02,/pathtraver-02/BenchmarkTest02304,param_name,,true
BenchmarkTest02305,ldapi-00,/ldapi-00/BenchmarkTest02305,param_name,,true
BenchmarkTest02306,ldapi-00,/ldapi-00/BenchmarkTest02306,param_name,,true
BenchmarkTest02307,hash-02,/hash-02/BenchmarkTest02307,param_name,,true
BenchmarkTest02308,hash-02,/hash-02/BenchmarkTest02308,param_name,,true
BenchmarkTest02309,hash-02,/hash-02/BenchmarkTest02309,param_name,,false
BenchmarkTest02310,hash-02,/hash-02/BenchmarkTest02310,param_name,,false
BenchmarkTest02311,hash-02,/hash-02/BenchmarkTest02311,param_name,,true
BenchmarkTest02312,hash-02,/hash-02/BenchmarkTest02312,param_name,,false
BenchmarkTest02313,xss-04,/xss-04/BenchmarkTest02313,param_name,,false
BenchmarkTest02314,xss-04,/xss-04/BenchmarkTest02314,param_name,,true
BenchmarkTest02315,xss-04,/xss-04/BenchmarkTest02315,param_name,,true
BenchmarkTest02316,xss-04,/xss-04/BenchmarkTest02316,param_name,,true
BenchmarkTest02317,xss-04,/xss-04/BenchmarkTest02317,param_name,,true
BenchmarkTest02318,xss-04,/xss-04/BenchmarkTest02318,param_name,,false
BenchmarkTest02319,xss-04,/xss-04/BenchmarkTest02319,param_name,,false
BenchmarkTest02320,xss-04,/xss-04/BenchmarkTest02320,param_name,,false
BenchmarkTest02321,xss-04,/xss-04/BenchmarkTest02321,param_name,,true
BenchmarkTest02322,xss-04,/xss-04/BenchmarkTest02322,param_name,,true
BenchmarkTest02323,xss-04,/xss-04/BenchmarkTest02323,param_name,,true
BenchmarkTest02324,xss-04,/xss-04/BenchmarkTest02324,param_name,,true
BenchmarkTest02325,xss-04,/xss-04/BenchmarkTest02325,param_name,,false
BenchmarkTest02326,xss-04,/xss-04/BenchmarkTest02326,param_name,,true
BenchmarkTest02327,xss-04,/xss-04/BenchmarkTest02327,param_name,,true
BenchmarkTest02328,xss-04,/xss-04/BenchmarkTest02328,param_name,,true
BenchmarkTest02329,xss-04,/xss-04/BenchmarkTest02329,param_name,,false
BenchmarkTest02330,xss-04,/xss-04/BenchmarkTest02330,param_name,,false
BenchmarkTest02331,xss-04,/xss-04/BenchmarkTest02331,param_name,,false
BenchmarkTest02332,xss-04,/xss-04/BenchmarkTest02332,param_name,,true
BenchmarkTest02333,cmdi-02,/cmdi-02/BenchmarkTest02333,param_name,,true
BenchmarkTest02334,cmdi-02,/cmdi-02/BenchmarkTest02334,param_name,,true
BenchmarkTest02335,cmdi-02,/cmdi-02/BenchmarkTest02335,param_name,,false
BenchmarkTest02336,cmdi-02,/cmdi-02/BenchmarkTest02336,param_name,,false
BenchmarkTest02337,weakrand-05,/weakrand-05/BenchmarkTest02337,cookie,,true
BenchmarkTest02338,weakrand-05,/weakrand-05/BenchmarkTest02338,cookie,,true
BenchmarkTest02339,securecookie-00,/securecookie-00/BenchmarkTest02339,param_name,,true
BenchmarkTest02340,cmdi-02,/cmdi-02/BenchmarkTest02340,param_name,,false
BenchmarkTest02341,cmdi-02,/cmdi-02/BenchmarkTest02341,param_name,,false
BenchmarkTest02342,cmdi-02,/cmdi-02/BenchmarkTest02342,param_name,,true
BenchmarkTest02343,cmdi-02,/cmdi-02/BenchmarkTest02343,param_name,,true
BenchmarkTest02344,cmdi-02,/cmdi-02/BenchmarkTest02344,param_name,,true
BenchmarkTest02345,weakrand-05,/weakrand-05/BenchmarkTest02345,cookie,,false
BenchmarkTest02346,weakrand-05,/weakrand-05/BenchmarkTest02346,cookie,,false
BenchmarkTest02347,weakrand-05,/weakrand-05/BenchmarkTest02347,cookie,,false
BenchmarkTest02348,weakrand-05,/weakrand-05/BenchmarkTest02348,cookie,,false
BenchmarkTest02349,weakrand-05,/weakrand-05/BenchmarkTest02349,cookie,,false
BenchmarkTest02350,weakrand-05,/weakrand-05/BenchmarkTest02350,cookie,,false
BenchmarkTest02351,weakrand-05,/weakrand-05/BenchmarkTest02351,cookie,,false
BenchmarkTest02352,trustbound-01,/trustbound-01/BenchmarkTest02352,param_name,,true
BenchmarkTest02353,sqli-05,/sqli-05/BenchmarkTest02353,param_name,,false
BenchmarkTest02354,sqli-05,/sqli-05/BenchmarkTest02354,param_name,,true
BenchmarkTest02355,sqli-05,/sqli-05/BenchmarkTest02355,param_name,,true
BenchmarkTest02356,sqli-05,/sqli-05/BenchmarkTest02356,param_name,,true
BenchmarkTest02357,sqli-05,/sqli-05/BenchmarkTest02357,param_name,,true
BenchmarkTest02358,sqli-05,/sqli-05/BenchmarkTest02358,param_name,,true
BenchmarkTest02359,sqli-05,/sqli-05/BenchmarkTest02359,param_name,,true
BenchmarkTest02360,sqli-05,/sqli-05/BenchmarkTest02360,param_name,,true
BenchmarkTest02361,sqli-05,/sqli-05/BenchmarkTest02361,param_name,,false
BenchmarkTest02362,sqli-05,/sqli-05/BenchmarkTest02362,param_name,,true
BenchmarkTest02363,sqli-05,/sqli-05/BenchmarkTest02363,param_name,,false
BenchmarkTest02364,sqli-05,/sqli-05/BenchmarkTest02364,param_name,,true
BenchmarkTest02365,sqli-05,/sqli-05/BenchmarkTest02365,param_name,,false
BenchmarkTest02366,sqli-05,/sqli-05/BenchmarkTest02366,param_name,,false
BenchmarkTest02367,sqli-05,/sqli-05/BenchmarkTest02367,param_name,,false
BenchmarkTest02368,sqli-05,/sqli-05/BenchmarkTest02368,param_name,,false
BenchmarkTest02369,sqli-05,/sqli-05/BenchmarkTest02369,param_name,,true
BenchmarkTest02370,xpathi-00,/xpathi-00/BenchmarkTest02370,param_name,,false
BenchmarkTest02371,crypto-02,/crypto-02/BenchmarkTest02371,param,,false
BenchmarkTest02372,crypto-02,/crypto-02/BenchmarkTest02372,param,,false
BenchmarkTest02373,crypto-02,/crypto-02/BenchmarkTest02373,param,,true
BenchmarkTest02374,crypto-02,/crypto-02/BenchmarkTest02374,param,,true
BenchmarkTest02375,crypto-02,/crypto-02/BenchmarkTest02375,param,,true
BenchmarkTest02376,ldapi-00,/ldapi-00/BenchmarkTest02376,param,,false
BenchmarkTest02377,pathtraver-02,/pathtraver-02/BenchmarkTest02377,param,,true
BenchmarkTest02378,pathtraver-02,/pathtraver-02/BenchmarkTest02378,param,,true
BenchmarkTest02379,pathtraver-02,/pathtraver-02/BenchmarkTest02379,param,,false
BenchmarkTest02380,pathtraver-02,/pathtraver-02/BenchmarkTest02380,param,,false
BenchmarkTest02381,pathtraver-02,/pathtraver-02/BenchmarkTest02381,param,,false
BenchmarkTest02382,pathtraver-02,/pathtraver-02/BenchmarkTest02382,param,,false
BenchmarkTest02383,pathtraver-02,/pathtraver-02/BenchmarkTest02383,param,,true
BenchmarkTest02384,ldapi-00,/ldapi-00/BenchmarkTest02384,param,,false
BenchmarkTest02385,hash-02,/hash-02/BenchmarkTest02385,param,,true
BenchmarkTest02386,hash-02,/hash-02/BenchmarkTest02386,param,,true
BenchmarkTest02387,hash-02,/hash-02/BenchmarkTest02387,param,,true
BenchmarkTest02388,hash-02,/hash-02/BenchmarkTest02388,param,,true
BenchmarkTest02389,hash-02,/hash-02/BenchmarkTest02389,param,,false
BenchmarkTest02390,hash-02,/hash-02/BenchmarkTest02390,param,,false
BenchmarkTest02391,hash-02,/hash-02/BenchmarkTest02391,param,,true
BenchmarkTest02392,hash-02,/hash-02/BenchmarkTest02392,param,,true
BenchmarkTest02393,hash-02,/hash-02/BenchmarkTest02393,param,,true
BenchmarkTest02394,xss-04,/xss-04/BenchmarkTest02394,param,,false
BenchmarkTest02395,xss-04,/xss-04/BenchmarkTest02395,param,,true
BenchmarkTest02396,xss-04,/xss-04/BenchmarkTest02396,param,,true
BenchmarkTest02397,xss-04,/xss-04/BenchmarkTest02397,param,,true
BenchmarkTest02398,xss-04,/xss-04/BenchmarkTest02398,param,,false
BenchmarkTest02399,xss-04,/xss-04/BenchmarkTest02399,param,,true
BenchmarkTest02400,xss-04,/xss-04/BenchmarkTest02400,param,,true
BenchmarkTest02401,xss-04,/xss-04/BenchmarkTest02401,param,,false
BenchmarkTest02402,xss-04,/xss-04/BenchmarkTest02402,param,,true
BenchmarkTest02403,xss-04,/xss-04/BenchmarkTest02403,param,,true
BenchmarkTest02404,xss-04,/xss-04/BenchmarkTest02404,param,,false
BenchmarkTest02405,xss-04,/xss-04/BenchmarkTest02405,param,,true
BenchmarkTest02406,xss-04,/xss-04/BenchmarkTest02406,param,,false
BenchmarkTest02407,xss-04,/xss-04/BenchmarkTest02407,param,,true
BenchmarkTest02408,xss-04,/xss-04/BenchmarkTest02408,param,,false
BenchmarkTest02409,xss-04,/xss-04/BenchmarkTest02409,param,,true
BenchmarkTest02410,xss-04,/xss-04/BenchmarkTest02410,param,,true
BenchmarkTest02411,cmdi-02,/cmdi-02/BenchmarkTest02411,param,,true
BenchmarkTest02412,cmdi-02,/cmdi-02/BenchmarkTest02412,param,,true
BenchmarkTest02413,cmdi-02,/cmdi-02/BenchmarkTest02413,param,,false
BenchmarkTest02414,cmdi-02,/cmdi-02/BenchmarkTest02414,param,,true
BenchmarkTest02415,weakrand-05,/weakrand-05/BenchmarkTest02415,cookie,,true
BenchmarkTest02416,weakrand-05,/weakrand-05/BenchmarkTest02416,cookie,,true
BenchmarkTest02417,weakrand-05,/weakrand-05/BenchmarkTest02417,cookie,,true
BenchmarkTest02418,weakrand-05,/weakrand-05/BenchmarkTest02418,cookie,,true
BenchmarkTest02419,weakrand-05,/weakrand-05/BenchmarkTest02419,cookie,,true
BenchmarkTest02420,weakrand-05,/weakrand-05/BenchmarkTest02420,cookie,,true
BenchmarkTest02421,weakrand-05,/weakrand-05/BenchmarkTest02421,cookie,,true
BenchmarkTest02422,weakrand-05,/weakrand-05/BenchmarkTest02422,cookie,,true
BenchmarkTest02423,weakrand-05,/weakrand-05/BenchmarkTest02423,cookie,,true
BenchmarkTest02424,weakrand-05,/weakrand-05/BenchmarkTest02424,cookie,,true
BenchmarkTest02425,weakrand-05,/weakrand-05/BenchmarkTest02425,cookie,,true
BenchmarkTest02426,weakrand-05,/weakrand-05/BenchmarkTest02426,cookie,,true
BenchmarkTest02427,securecookie-00,/securecookie-00/BenchmarkTest02427,param,,true
BenchmarkTest02428,cmdi-02,/cmdi-02/BenchmarkTest02428,param,,false
BenchmarkTest02429,cmdi-02,/cmdi-02/BenchmarkTest02429,param,,true
BenchmarkTest02430,cmdi-02,/cmdi-02/BenchmarkTest02430,param,,true
BenchmarkTest02431,cmdi-02,/cmdi-02/BenchmarkTest02431,param,,true
BenchmarkTest02432,cmdi-02,/cmdi-02/BenchmarkTest02432,param,,true
BenchmarkTest02433,cmdi-02,/cmdi-02/BenchmarkTest02433,param,,true
BenchmarkTest02434,weakrand-05,/weakrand-05/BenchmarkTest02434,cookie,,false
BenchmarkTest02435,weakrand-05,/weakrand-05/BenchmarkTest02435,cookie,,false
BenchmarkTest02436,weakrand-05,/weakrand-05/BenchmarkTest02436,cookie,,false
BenchmarkTest02437,weakrand-05,/weakrand-05/BenchmarkTest02437,cookie,,false
BenchmarkTest02438,weakrand-05,/weakrand-05/BenchmarkTest02438,cookie,,false
BenchmarkTest02439,weakrand-05,/weakrand-05/BenchmarkTest02439,cookie,,false
BenchmarkTest02440,weakrand-05,/weakrand-05/BenchmarkTest02440,cookie,,false
BenchmarkTest02441,weakrand-05,/weakrand-05/BenchmarkTest02441,cookie,,false
BenchmarkTest02442,weakrand-05,/weakrand-05/BenchmarkTest02442,cookie,,false
BenchmarkTest02443,weakrand-05,/weakrand-05/BenchmarkTest02443,cookie,,false
BenchmarkTest02444,weakrand-05,/weakrand-05/BenchmarkTest02444,cookie,,false
BenchmarkTest02445,weakrand-05,/weakrand-05/BenchmarkTest02445,cookie,,false
BenchmarkTest02446,trustbound-01,/trustbound-01/BenchmarkTest02446,param,,true
BenchmarkTest02447,trustbound-01,/trustbound-01/BenchmarkTest02447,param,,false
BenchmarkTest02448,trustbound-01,/trustbound-01/BenchmarkTest02448,param,,true
BenchmarkTest02449,sqli-05,/sqli-05/BenchmarkTest02449,param,,true
BenchmarkTest02450,sqli-05,/sqli-05/BenchmarkTest02450,param,,false
BenchmarkTest02451,sqli-05,/sqli-05/BenchmarkTest02451,param,,true
BenchmarkTest02452,sqli-05,/sqli-05/BenchmarkTest02452,param,,false
BenchmarkTest02453,sqli-05,/sqli-05/BenchmarkTest02453,param,,true
BenchmarkTest02454,sqli-05,/sqli-05/BenchmarkTest02454,param,,true
BenchmarkTest02455,sqli-05,/sqli-05/BenchmarkTest02455,param,,true
BenchmarkTest02456,sqli-05,/sqli-05/BenchmarkTest02456,param,,false
BenchmarkTest02457,xpathi-00,/xpathi-00/BenchmarkTest02457,param,,false
BenchmarkTest02458,crypto-02,/crypto-02/BenchmarkTest02458,param,,true
BenchmarkTest02459,crypto-02,/crypto-02/BenchmarkTest02459,param,,false
BenchmarkTest02460,crypto-02,/crypto-02/BenchmarkTest02460,param,,false
BenchmarkTest02461,crypto-02,/crypto-02/BenchmarkTest02461,param,,false
BenchmarkTest02462,pathtraver-02,/pathtraver-02/BenchmarkTest02462,param,,false
BenchmarkTest02463,pathtraver-02,/pathtraver-02/BenchmarkTest02463,param,,true
BenchmarkTest02464,pathtraver-02,/pathtraver-02/BenchmarkTest02464,param,,false
BenchmarkTest02465,pathtraver-02,/pathtraver-02/BenchmarkTest02465,param,,true
BenchmarkTest02466,pathtraver-02,/pathtraver-02/BenchmarkTest02466,param,,true
BenchmarkTest02467,pathtraver-03,/pathtraver-03/BenchmarkTest02467,param,,false
BenchmarkTest02468,pathtraver-03,/pathtraver-03/BenchmarkTest02468,param,,false
BenchmarkTest02469,pathtraver-03,/pathtraver-03/BenchmarkTest02469,param,,true
BenchmarkTest02470,pathtraver-03,/pathtraver-03/BenchmarkTest02470,param,,false
BenchmarkTest02471,pathtraver-03,/pathtraver-03/BenchmarkTest02471,param,,false
BenchmarkTest02472,ldapi-00,/ldapi-00/BenchmarkTest02472,param,,true
BenchmarkTest02473,weakrand-05,/weakrand-05/BenchmarkTest02473,cookie,,true
BenchmarkTest02474,hash-02,/hash-02/BenchmarkTest02474,param,,true
BenchmarkTest02475,hash-02,/hash-02/BenchmarkTest02475,param,,true
BenchmarkTest02476,hash-02,/hash-02/BenchmarkTest02476,param,,true
BenchmarkTest02477,hash-02,/hash-02/BenchmarkTest02477,param,,false
BenchmarkTest02478,hash-02,/hash-02/BenchmarkTest02478,param,,true
BenchmarkTest02479,hash-02,/hash-02/BenchmarkTest02479,param,,false
BenchmarkTest02480,xss-04,/xss-04/BenchmarkTest02480,param,,true
BenchmarkTest02481,xss-04,/xss-04/BenchmarkTest02481,param,,false
BenchmarkTest02482,xss-04,/xss-04/BenchmarkTest02482,param,,false
BenchmarkTest02483,xss-04,/xss-04/BenchmarkTest02483,param,,true
BenchmarkTest02484,xss-04,/xss-04/BenchmarkTest02484,param,,false
BenchmarkTest02485,xss-04,/xss-04/BenchmarkTest02485,param,,false
BenchmarkTest02486,xss-04,/xss-04/BenchmarkTest02486,param,,true
BenchmarkTest02487,xss-05,/xss-05/BenchmarkTest02487,param,,true
BenchmarkTest02488,xss-05,/xss-05/BenchmarkTest02488,param,,false
BenchmarkTest02489,xss-05,/xss-05/BenchmarkTest02489,param,,true
BenchmarkTest02490,xss-05,/xss-05/BenchmarkTest02490,param,,false
BenchmarkTest02491,xss-05,/xss-05/BenchmarkTest02491,param,,false
BenchmarkTest02492,xss-05,/xss-05/BenchmarkTest02492,param,,false
BenchmarkTest02493,xss-05,/xss-05/BenchmarkTest02493,param,,true
BenchmarkTest02494,xss-05,/xss-05/BenchmarkTest02494,param,,true
BenchmarkTest02495,xss-05,/xss-05/BenchmarkTest02495,param,,false
BenchmarkTest02496,cmdi-02,/cmdi-02/BenchmarkTest02496,param,,true
BenchmarkTest02497,weakrand-05,/weakrand-05/BenchmarkTest02497,cookie,,true
BenchmarkTest02498,weakrand-05,/weakrand-05/BenchmarkTest02498,cookie,,true
BenchmarkTest02499,weakrand-05,/weakrand-05/BenchmarkTest02499,cookie,,true
BenchmarkTest02500,weakrand-05,/weakrand-05/BenchmarkTest02500,cookie,,true
BenchmarkTest02501,weakrand-05,/weakrand-05/BenchmarkTest02501,cookie,,true
BenchmarkTest02502,weakrand-05,/weakrand-05/BenchmarkTest02502,cookie,,true
BenchmarkTest02503,weakrand-05,/weakrand-05/BenchmarkTest02503,cookie,,true
BenchmarkTest02504,weakrand-05,/weakrand-05/BenchmarkTest02504,cookie,,true
BenchmarkTest02505,weakrand-05,/weakrand-05/BenchmarkTest02505,cookie,,true
BenchmarkTest02506,weakrand-05,/weakrand-05/BenchmarkTest02506,cookie,,true
BenchmarkTest02507,securecookie-00,/securecookie-00/BenchmarkTest02507,param,,true
BenchmarkTest02508,securecookie-00,/securecookie-00/BenchmarkTest02508,param,,false
BenchmarkTest02509,xss-05,/xss-05/BenchmarkTest02509,param,,false
BenchmarkTest02510,cmdi-02,/cmdi-02/BenchmarkTest02510,param,,false
BenchmarkTest02511,cmdi-02,/cmdi-02/BenchmarkTest02511,param,,true
BenchmarkTest02512,cmdi-02,/cmdi-02/BenchmarkTest02512,param,,true
BenchmarkTest02513,cmdi-02,/cmdi-02/BenchmarkTest02513,param,,false
BenchmarkTest02514,cmdi-02,/cmdi-02/BenchmarkTest02514,param,,true
BenchmarkTest02515,cmdi-02,/cmdi-02/BenchmarkTest02515,param,,true
BenchmarkTest02516,cmdi-02,/cmdi-02/BenchmarkTest02516,param,,true
BenchmarkTest02517,cmdi-03,/cmdi-03/BenchmarkTest02517,param,,true
BenchmarkTest02518,cmdi-03,/cmdi-03/BenchmarkTest02518,param,,false
BenchmarkTest02519,weakrand-05,/weakrand-05/BenchmarkTest02519,cookie,,false
BenchmarkTest02520,weakrand-05,/weakrand-05/BenchmarkTest02520,cookie,,false
BenchmarkTest02521,weakrand-05,/weakrand-05/BenchmarkTest02521,cookie,,false
BenchmarkTest02522,weakrand-05,/weakrand-05/BenchmarkTest02522,cookie,,false
BenchmarkTest02523,trustbound-01,/trustbound-01/BenchmarkTest02523,param,,false
BenchmarkTest02524,trustbound-01,/trustbound-01/BenchmarkTest02524,param,,true
BenchmarkTest02525,trustbound-01,/trustbound-01/BenchmarkTest02525,param,,true
BenchmarkTest02526,trustbound-01,/trustbound-01/BenchmarkTest02526,param,,true
BenchmarkTest02527,trustbound-01,/trustbound-01/BenchmarkTest02527,param,,true
BenchmarkTest02528,sqli-05,/sqli-05/BenchmarkTest02528,param,,true
BenchmarkTest02529,sqli-05,/sqli-05/BenchmarkTest02529,param,,false
BenchmarkTest02530,sqli-05,/sqli-05/BenchmarkTest02530,param,,true
BenchmarkTest02531,sqli-05,/sqli-05/BenchmarkTest02531,param,,true
BenchmarkTest02532,sqli-05,/sqli-05/BenchmarkTest02532,param,,true
BenchmarkTest02533,sqli-05,/sqli-05/BenchmarkTest02533,param,,true
BenchmarkTest02534,sqli-05,/sqli-05/BenchmarkTest02534,param,,true
BenchmarkTest02535,sqli-05,/sqli-05/BenchmarkTest02535,param,,true
BenchmarkTest02536,sqli-05,/sqli-05/BenchmarkTest02536,param,,false
BenchmarkTest02537,sqli-05,/sqli-05/BenchmarkTest02537,param,,true
BenchmarkTest02538,sqli-05,/sqli-05/BenchmarkTest02538,param,,false
BenchmarkTest02539,sqli-05,/sqli-05/BenchmarkTest02539,param,,false
BenchmarkTest02540,sqli-05,/sqli-05/BenchmarkTest02540,param,,false
BenchmarkTest02541,sqli-05,/sqli-05/BenchmarkTest02541,param,,false
BenchmarkTest02542,sqli-05,/sqli-05/BenchmarkTest02542,param,,true
BenchmarkTest02543,sqli-05,/sqli-05/BenchmarkTest02543,param,,true
BenchmarkTest02544,sqli-05,/sqli-05/BenchmarkTest02544,param,,false
BenchmarkTest02545,sqli-05,/sqli-05/BenchmarkTest02545,param,,true
BenchmarkTest02546,sqli-05,/sqli-05/BenchmarkTest02546,param,,false
BenchmarkTest02547,crypto-02,/crypto-02/BenchmarkTest02547,param,,false
BenchmarkTest02548,crypto-02,/crypto-02/BenchmarkTest02548,param,,true
BenchmarkTest02549,crypto-02,/crypto-02/BenchmarkTest02549,param,,true
BenchmarkTest02550,crypto-02,/crypto-02/BenchmarkTest02550,param,,true
BenchmarkTest02551,crypto-02,/crypto-02/BenchmarkTest02551,param,,false
BenchmarkTest02552,crypto-02,/crypto-02/BenchmarkTest02552,param,,false
BenchmarkTest02553,ldapi-00,/ldapi-00/BenchmarkTest02553,param,,false
BenchmarkTest02554,pathtraver-03,/pathtraver-03/BenchmarkTest02554,param,,false
BenchmarkTest02555,pathtraver-03,/pathtraver-03/BenchmarkTest02555,param,,true
BenchmarkTest02556,pathtraver-03,/pathtraver-03/BenchmarkTest02556,param,,true
BenchmarkTest02557,pathtraver-03,/pathtraver-03/BenchmarkTest02557,param,,false
BenchmarkTest02558,pathtraver-03,/pathtraver-03/BenchmarkTest02558,param,,false
BenchmarkTest02559,pathtraver-03,/pathtraver-03/BenchmarkTest02559,param,,true
BenchmarkTest02560,pathtraver-03,/pathtraver-03/BenchmarkTest02560,param,,true
BenchmarkTest02561,pathtraver-03,/pathtraver-03/BenchmarkTest02561,param,,true
BenchmarkTest02562,pathtraver-03,/pathtraver-03/BenchmarkTest02562,param,,true
BenchmarkTest02563,pathtraver-03,/pathtraver-03/BenchmarkTest02563,param,,false
BenchmarkTest02564,pathtraver-03,/pathtraver-03/BenchmarkTest02564,param,,true
BenchmarkTest02565,pathtraver-03,/pathtraver-03/BenchmarkTest02565,param,,true
BenchmarkTest02566,pathtraver-03,/pathtraver-03/BenchmarkTest02566,param,,false
BenchmarkTest02567,pathtraver-03,/pathtraver-03/BenchmarkTest02567,param,,true
BenchmarkTest02568,pathtraver-03,/pathtraver-03/BenchmarkTest02568,param,,false
BenchmarkTest02569,pathtraver-03,/pathtraver-03/BenchmarkTest02569,param,,true
BenchmarkTest02570,pathtraver-03,/pathtraver-03/BenchmarkTest02570,param,,false
BenchmarkTest02571,ldapi-00,/ldapi-00/BenchmarkTest02571,param,,false
BenchmarkTest02572,ldapi-00,/ldapi-00/BenchmarkTest02572,param,,false
BenchmarkTest02573,hash-02,/hash-02/BenchmarkTest02573,param,,true
BenchmarkTest02574,hash-02,/hash-02/BenchmarkTest02574,param,,true
BenchmarkTest02575,hash-02,/hash-02/BenchmarkTest02575,param,,true
BenchmarkTest02576,hash-02,/hash-02/BenchmarkTest02576,param,,false
BenchmarkTest02577,hash-02,/hash-02/BenchmarkTest02577,param,,true
BenchmarkTest02578,xss-05,/xss-05/BenchmarkTest02578,param,,true
BenchmarkTest02579,xss-05,/xss-05/BenchmarkTest02579,param,,true
BenchmarkTest02580,xss-05,/xss-05/BenchmarkTest02580,param,,true
BenchmarkTest02581,xss-05,/xss-05/BenchmarkTest02581,param,,false
BenchmarkTest02582,xss-05,/xss-05/BenchmarkTest02582,param,,true
BenchmarkTest02583,xss-05,/xss-05/BenchmarkTest02583,param,,true
BenchmarkTest02584,xss-05,/xss-05/BenchmarkTest02584,param,,true
BenchmarkTest02585,xss-05,/xss-05/BenchmarkTest02585,param,,true
BenchmarkTest02586,xss-05,/xss-05/BenchmarkTest02586,param,,true
BenchmarkTest02587,xss-05,/xss-05/BenchmarkTest02587,param,,true
BenchmarkTest02588,xss-05,/xss-05/BenchmarkTest02588,param,,true
BenchmarkTest02589,xss-05,/xss-05/BenchmarkTest02589,param,,false
BenchmarkTest02590,xss-05,/xss-05/BenchmarkTest02590,param,,false
BenchmarkTest02591,xss-05,/xss-05/BenchmarkTest02591,param,,true
BenchmarkTest02592,xss-05,/xss-05/BenchmarkTest02592,param,,true
BenchmarkTest02593,xss-05,/xss-05/BenchmarkTest02593,param,,false
BenchmarkTest02594,xss-05,/xss-05/BenchmarkTest02594,param,,false
BenchmarkTest02595,xss-05,/xss-05/BenchmarkTest02595,param,,true
BenchmarkTest02596,xss-05,/xss-05/BenchmarkTest02596,param,,false
BenchmarkTest02597,xss-05,/xss-05/BenchmarkTest02597,param,,true
BenchmarkTest02598,xss-05,/xss-05/BenchmarkTest02598,param,,true
BenchmarkTest02599,xss-05,/xss-05/BenchmarkTest02599,param,,false
BenchmarkTest02600,xss-05,/xss-05/BenchmarkTest02600,param,,true
BenchmarkTest02601,xss-05,/xss-05/BenchmarkTest02601,param,,false
BenchmarkTest02602,weakrand-05,/weakrand-05/BenchmarkTest02602,cookie,,true
BenchmarkTest02603,weakrand-05,/weakrand-05/BenchmarkTest02603,cookie,,true
BenchmarkTest02604,weakrand-05,/weakrand-05/BenchmarkTest02604,cookie,,true
BenchmarkTest02605,weakrand-05,/weakrand-05/BenchmarkTest02605,cookie,,true
BenchmarkTest02606,weakrand-05,/weakrand-05/BenchmarkTest02606,cookie,,true
BenchmarkTest02607,securecookie-00,/securecookie-00/BenchmarkTest02607,param,,false
BenchmarkTest02608,xss-05,/xss-05/BenchmarkTest02608,param,,true
BenchmarkTest02609,xss-05,/xss-05/BenchmarkTest02609,param,,false
BenchmarkTest02610,cmdi-03,/cmdi-03/BenchmarkTest02610,param,,false
BenchmarkTest02611,cmdi-03,/cmdi-03/BenchmarkTest02611,param,,true
BenchmarkTest02612,cmdi-03,/cmdi-03/BenchmarkTest02612,param,,true
BenchmarkTest02613,cmdi-03,/cmdi-03/BenchmarkTest02613,param,,true
BenchmarkTest02614,weakrand-05,/weakrand-05/BenchmarkTest02614,cookie,,false
BenchmarkTest02615,weakrand-05,/weakrand-05/BenchmarkTest02615,cookie,,false
BenchmarkTest02616,weakrand-05,/weakrand-05/BenchmarkTest02616,cookie,,false
BenchmarkTest02617,weakrand-05,/weakrand-05/BenchmarkTest02617,cookie,,false
BenchmarkTest02618,weakrand-05,/weakrand-05/BenchmarkTest02618,cookie,,false
BenchmarkTest02619,weakrand-05,/weakrand-05/BenchmarkTest02619,cookie,,false
BenchmarkTest02620,weakrand-05,/weakrand-05/BenchmarkTest02620,cookie,,false
BenchmarkTest02621,weakrand-05,/weakrand-05/BenchmarkTest02621,cookie,,false
BenchmarkTest02622,trustbound-01,/trustbound-01/BenchmarkTest02622,param,,true
BenchmarkTest02623,trustbound-01,/trustbound-01/BenchmarkTest02623,param,,true
BenchmarkTest02624,trustbound-01,/trustbound-01/BenchmarkTest02624,param,,true
BenchmarkTest02625,sqli-05,/sqli-05/BenchmarkTest02625,param,,true
BenchmarkTest02626,sqli-05,/sqli-05/BenchmarkTest02626,param,,false
BenchmarkTest02627,sqli-05,/sqli-05/BenchmarkTest02627,param,,true
BenchmarkTest02628,sqli-05,/sqli-05/BenchmarkTest02628,param,,true
BenchmarkTest02629,sqli-05,/sqli-05/BenchmarkTest02629,param,,false
BenchmarkTest02630,sqli-05,/sqli-05/BenchmarkTest02630,param,,true
BenchmarkTest02631,sqli-05,/sqli-05/BenchmarkTest02631,param,,false
BenchmarkTest02632,sqli-05,/sqli-05/BenchmarkTest02632,param,,true
BenchmarkTest02633,sqli-05,/sqli-05/BenchmarkTest02633,param,,false
BenchmarkTest02634,sqli-05,/sqli-05/BenchmarkTest02634,param,,false
BenchmarkTest02635,sqli-05,/sqli-05/BenchmarkTest02635,param,,true
BenchmarkTest02636,sqli-05,/sqli-05/BenchmarkTest02636,param,,false
BenchmarkTest02637,sqli-05,/sqli-05/BenchmarkTest02637,param,,false
BenchmarkTest02638,sqli-05,/sqli-05/BenchmarkTest02638,param,,true
BenchmarkTest02639,sqli-05,/sqli-05/BenchmarkTest02639,param,,false
BenchmarkTest02640,sqli-05,/sqli-05/BenchmarkTest02640,param,,false
BenchmarkTest02641,sqli-05,/sqli-05/BenchmarkTest02641,param,,true
BenchmarkTest02642,sqli-05,/sqli-05/BenchmarkTest02642,param,,true
BenchmarkTest02643,sqli-05,/sqli-05/BenchmarkTest02643,param,,true
BenchmarkTest02644,sqli-05,/sqli-05/BenchmarkTest02644,param,,true
BenchmarkTest02645,sqli-05,/sqli-05/BenchmarkTest02645,param,,true
BenchmarkTest02646,sqli-05,/sqli-05/BenchmarkTest02646,param,,true
BenchmarkTest02647,sqli-05,/sqli-05/BenchmarkTest02647,param,,true
BenchmarkTest02648,sqli-06,/sqli-06/BenchmarkTest02648,param,,false
BenchmarkTest02649,sqli-06,/sqli-06/BenchmarkTest02649,param,,true
BenchmarkTest02650,sqli-06,/sqli-06/BenchmarkTest02650,param,,true
BenchmarkTest02651,sqli-06,/sqli-06/BenchmarkTest02651,param,,true
BenchmarkTest02652,sqli-06,/sqli-06/BenchmarkTest02652,param,,false
BenchmarkTest02653,sqli-06,/sqli-06/BenchmarkTest02653,param,,true
BenchmarkTest02654,sqli-06,/sqli-06/BenchmarkTest02654,param,,true
BenchmarkTest02655,sqli-06,/sqli-06/BenchmarkTest02655,param,,true
BenchmarkTest02656,sqli-06,/sqli-06/BenchmarkTest02656,param,,true
BenchmarkTest02657,sqli-06,/sqli-06/BenchmarkTest02657,param,,false
BenchmarkTest02658,crypto-03,/crypto-03/BenchmarkTest02658,param,,true
BenchmarkTest02659,crypto-03,/crypto-03/BenchmarkTest02659,param,,false
BenchmarkTest02660,crypto-03,/crypto-03/BenchmarkTest02660,param,,true
BenchmarkTest02661,crypto-03,/crypto-03/BenchmarkTest02661,param,,true
BenchmarkTest02662,crypto-03,/crypto-03/BenchmarkTest02662,param,,false
BenchmarkTest02663,crypto-03,/crypto-03/BenchmarkTest02663,param,,true
BenchmarkTest02664,pathtraver-03,/pathtraver-03/BenchmarkTest02664,param,,false
BenchmarkTest02665,pathtraver-03,/pathtraver-03/BenchmarkTest02665,param,,false
BenchmarkTest02666,pathtraver-03,/pathtraver-03/BenchmarkTest02666,param,,false
BenchmarkTest02667,pathtraver-03,/pathtraver-03/BenchmarkTest02667,param,,false
BenchmarkTest02668,pathtraver-03,/pathtraver-03/BenchmarkTest02668,param,,false
BenchmarkTest02669,pathtraver-03,/pathtraver-03/BenchmarkTest02669,param,,false
BenchmarkTest02670,hash-02,/hash-02/BenchmarkTest02670,param,,true
BenchmarkTest02671,hash-02,/hash-02/BenchmarkTest02671,param,,true
BenchmarkTest02672,hash-02,/hash-02/BenchmarkTest02672,param,,false
BenchmarkTest02673,hash-02,/hash-02/BenchmarkTest02673,param,,false
BenchmarkTest02674,hash-02,/hash-02/BenchmarkTest02674,param,,true
BenchmarkTest02675,hash-02,/hash-02/BenchmarkTest02675,param,,true
BenchmarkTest02676,hash-02,/hash-02/BenchmarkTest02676,param,,false
BenchmarkTest02677,hash-02,/hash-02/BenchmarkTest02677,param,,true
BenchmarkTest02678,hash-02,/hash-02/BenchmarkTest02678,param,,false
BenchmarkTest02679,xss-05,/xss-05/BenchmarkTest02679,param,,false
BenchmarkTest02680,xss-05,/xss-05/BenchmarkTest02680,param,,false
BenchmarkTest02681,xss-05,/xss-05/BenchmarkTest02681,param,,false
BenchmarkTest02682,xss-05,/xss-05/BenchmarkTest02682,param,,false
BenchmarkTest02683,xss-05,/xss-05/BenchmarkTest02683,param,,false
BenchmarkTest02684,xss-05,/xss-05/BenchmarkTest02684,param,,false
BenchmarkTest02685,xss-05,/xss-05/BenchmarkTest02685,param,,false
BenchmarkTest02686,xss-05,/xss-05/BenchmarkTest02686,param,,false
BenchmarkTest02687,xss-05,/xss-05/BenchmarkTest02687,param,,false
BenchmarkTest02688,xss-05,/xss-05/BenchmarkTest02688,param,,false
BenchmarkTest02689,xss-05,/xss-05/BenchmarkTest02689,param,,false
BenchmarkTest02690,xss-05,/xss-05/BenchmarkTest02690,param,,false
BenchmarkTest02691,xss-05,/xss-05/BenchmarkTest02691,param,,false
BenchmarkTest02692,xss-05,/xss-05/BenchmarkTest02692,param,,false
BenchmarkTest02693,xss-05,/xss-05/BenchmarkTest02693,param,,false
BenchmarkTest02694,xss-05,/xss-05/BenchmarkTest02694,param,,false
BenchmarkTest02695,xss-05,/xss-05/BenchmarkTest02695,param,,false
BenchmarkTest02696,xss-05,/xss-05/BenchmarkTest02696,param,,false
BenchmarkTest02697,cmdi-03,/cmdi-03/BenchmarkTest02697,param,,false
BenchmarkTest02698,cmdi-03,/cmdi-03/BenchmarkTest02698,param,,false
BenchmarkTest02699,cmdi-03,/cmdi-03/BenchmarkTest02699,param,,false
BenchmarkTest02700,weakrand-05,/weakrand-05/BenchmarkTest02700,cookie,,true
BenchmarkTest02701,weakrand-05,/weakrand-05/BenchmarkTest02701,cookie,,true
BenchmarkTest02702,weakrand-05,/weakrand-05/BenchmarkTest02702,cookie,,true
BenchmarkTest02703,weakrand-06,/weakrand-06/BenchmarkTest02703,cookie,,true
BenchmarkTest02704,weakrand-06,/weakrand-06/BenchmarkTest02704,cookie,,true
BenchmarkTest02705,weakrand-06,/weakrand-06/BenchmarkTest02705,cookie,,true
BenchmarkTest02706,weakrand-06,/weakrand-06/BenchmarkTest02706,cookie,,true
BenchmarkTest02707,weakrand-06,/weakrand-06/BenchmarkTest02707,cookie,,true
BenchmarkTest02708,weakrand-06,/weakrand-06/BenchmarkTest02708,cookie,,true
BenchmarkTest02709,securecookie-00,/securecookie-00/BenchmarkTest02709,param,,true
BenchmarkTest02710,securecookie-00,/securecookie-00/BenchmarkTest02710,param,,true
BenchmarkTest02711,securecookie-00,/securecookie-00/BenchmarkTest02711,param,,false
BenchmarkTest02712,xss-05,/xss-05/BenchmarkTest02712,param,,false
BenchmarkTest02713,cmdi-03,/cmdi-03/BenchmarkTest02713,param,,false
BenchmarkTest02714,cmdi-03,/cmdi-03/BenchmarkTest02714,param,,false
BenchmarkTest02715,weakrand-06,/weakrand-06/BenchmarkTest02715,cookie,,false
BenchmarkTest02716,weakrand-06,/weakrand-06/BenchmarkTest02716,cookie,,false
BenchmarkTest02717,weakrand-06,/weakrand-06/BenchmarkTest02717,cookie,,false
BenchmarkTest02718,weakrand-06,/weakrand-06/BenchmarkTest02718,cookie,,false
BenchmarkTest02719,weakrand-06,/weakrand-06/BenchmarkTest02719,cookie,,false
BenchmarkTest02720,weakrand-06,/weakrand-06/BenchmarkTest02720,cookie,,false
BenchmarkTest02721,weakrand-06,/weakrand-06/BenchmarkTest02721,cookie,,false
BenchmarkTest02722,trustbound-01,/trustbound-01/BenchmarkTest02722,param,,false
BenchmarkTest02723,trustbound-01,/trustbound-01/BenchmarkTest02723,param,,false
BenchmarkTest02724,trustbound-01,/trustbound-01/BenchmarkTest02724,param,,false
BenchmarkTest02725,trustbound-01,/trustbound-01/BenchmarkTest02725,param,,false
BenchmarkTest02726,trustbound-01,/trustbound-01/BenchmarkTest02726,param,,false
BenchmarkTest02727,sqli-06,/sqli-06/BenchmarkTest02727,param,,false
BenchmarkTest02728,sqli-06,/sqli-06/BenchmarkTest02728,param,,false
BenchmarkTest02729,sqli-06,/sqli-06/BenchmarkTest02729,param,,false
BenchmarkTest02730,sqli-06,/sqli-06/BenchmarkTest02730,param,,false
BenchmarkTest02731,sqli-06,/sqli-06/BenchmarkTest02731,param,,false
BenchmarkTest02732,sqli-06,/sqli-06/BenchmarkTest02732,param,,false
BenchmarkTest02733,sqli-06,/sqli-06/BenchmarkTest02733,param,,false
BenchmarkTest02734,sqli-06,/sqli-06/BenchmarkTest02734,param,,false
BenchmarkTest02735,sqli-06,/sqli-06/BenchmarkTest02735,param,,false
BenchmarkTest02736,sqli-06,/sqli-06/BenchmarkTest02736,param,,false
BenchmarkTest02737,sqli-06,/sqli-06/BenchmarkTest02737,param,,false
BenchmarkTest02738,sqli-06,/sqli-06/BenchmarkTest02738,param,,false
BenchmarkTest02739,sqli-06,/sqli-06/BenchmarkTest02739,param,,false
BenchmarkTest02740,sqli-06,/sqli-06/BenchmarkTest02740,param,,false
